date,kospi_price,symbol
2010-11-05,1938.96,KOSPI
2010-11-08,1942.41,KOSPI
2010-11-09,1947.46,KOSPI
2010-11-10,1967.85,KOSPI
2010-11-11,1914.73,KOSPI
2010-11-12,1913.12,KOSPI
2010-11-15,1913.81,KOSPI
2010-11-16,1899.13,KOSPI
2010-11-17,1897.11,KOSPI
2010-11-18,1927.86,KOSPI
2010-11-19,1940.96,KOSPI
2010-11-22,1944.34,KOSPI
2010-11-23,1928.94,KOSPI
2010-11-24,1925.98,KOSPI
2010-11-25,1927.68,KOSPI
2010-11-26,1901.8,KOSPI
2010-11-29,1895.54,KOSPI
2010-11-30,1904.63,KOSPI
2010-12-01,1929.32,KOSPI
2010-12-02,1950.26,KOSPI
2010-12-03,1957.26,KOSPI
2010-12-06,1953.64,KOSPI
2010-12-07,1962.52,KOSPI
2010-12-08,1955.72,KOSPI
2010-12-09,1988.96,KOSPI
2010-12-10,1986.14,KOSPI
2010-12-13,1996.59,KOSPI
2010-12-14,2009.05,KOSPI
2010-12-15,2017.48,KOSPI
2010-12-16,2009.24,KOSPI
2010-12-17,2026.3,KOSPI
2010-12-20,2020.28,KOSPI
2010-12-21,2037.09,KOSPI
2010-12-22,2038.11,KOSPI
2010-12-23,2037.53,KOSPI
2010-12-24,2029.6,KOSPI
2010-12-27,2022.19,KOSPI
2010-12-28,2033.32,KOSPI
2010-12-29,2043.49,KOSPI
2010-12-30,2051.0,KOSPI
2011-01-03,2070.08,KOSPI
2011-01-04,2085.14,KOSPI
2011-01-05,2082.55,KOSPI
2011-01-06,2077.61,KOSPI
2011-01-07,2086.2,KOSPI
2011-01-10,2080.81,KOSPI
2011-01-11,2088.32,KOSPI
2011-01-12,2094.95,KOSPI
2011-01-13,2089.48,KOSPI
2011-01-14,2108.17,KOSPI
2011-01-17,2099.85,KOSPI
2011-01-18,2096.48,KOSPI
2011-01-19,2115.69,KOSPI
2011-01-20,2106.66,KOSPI
2011-01-21,2069.92,KOSPI
2011-01-24,2082.16,KOSPI
2011-01-25,2086.67,KOSPI
2011-01-26,2110.46,KOSPI
2011-01-27,2115.01,KOSPI
2011-01-28,2107.87,KOSPI
2011-01-31,2069.73,KOSPI
2011-02-01,2072.03,KOSPI
2011-02-07,2081.74,KOSPI
2011-02-08,2069.7,KOSPI
2011-02-09,2045.58,KOSPI
2011-02-10,2008.5,KOSPI
2011-02-11,1977.19,KOSPI
2011-02-14,2014.59,KOSPI
2011-02-15,2010.52,KOSPI
2011-02-16,1989.11,KOSPI
2011-02-17,1977.22,KOSPI
2011-02-18,2013.14,KOSPI
2011-02-21,2005.3,KOSPI
2011-02-22,1969.92,KOSPI
2011-02-23,1961.63,KOSPI
2011-02-24,1949.88,KOSPI
2011-02-25,1963.43,KOSPI
2011-02-28,1939.3,KOSPI
2011-03-02,1928.24,KOSPI
2011-03-03,1970.66,KOSPI
2011-03-04,2004.68,KOSPI
2011-03-07,1980.27,KOSPI
2011-03-08,1996.32,KOSPI
2011-03-09,2001.47,KOSPI
2011-03-10,1981.58,KOSPI
2011-03-11,1955.54,KOSPI
2011-03-14,1971.23,KOSPI
2011-03-15,1923.92,KOSPI
2011-03-16,1957.97,KOSPI
2011-03-17,1959.03,KOSPI
2011-03-18,1981.13,KOSPI
2011-03-21,2003.42,KOSPI
2011-03-22,2013.66,KOSPI
2011-03-23,2012.18,KOSPI
2011-03-24,2036.78,KOSPI
2011-03-25,2054.04,KOSPI
2011-03-28,2056.39,KOSPI
2011-03-29,2072.13,KOSPI
2011-03-30,2091.38,KOSPI
2011-03-31,2106.7,KOSPI
2011-04-01,2121.01,KOSPI
2011-04-04,2115.87,KOSPI
2011-04-05,2130.43,KOSPI
2011-04-06,2126.71,KOSPI
2011-04-07,2122.14,KOSPI
2011-04-08,2127.97,KOSPI
2011-04-11,2122.39,KOSPI
2011-04-12,2089.4,KOSPI
2011-04-13,2121.92,KOSPI
2011-04-14,2141.06,KOSPI
2011-04-15,2140.5,KOSPI
2011-04-18,2137.72,KOSPI
2011-04-19,2122.68,KOSPI
2011-04-20,2169.91,KOSPI
2011-04-21,2198.54,KOSPI
2011-04-22,2197.82,KOSPI
2011-04-25,2216.0,KOSPI
2011-04-26,2206.3,KOSPI
2011-04-27,2206.7,KOSPI
2011-04-28,2208.35,KOSPI
2011-04-29,2192.36,KOSPI
2011-05-02,2228.96,KOSPI
2011-05-03,2200.73,KOSPI
2011-05-04,2180.64,KOSPI
2011-05-06,2147.45,KOSPI
2011-05-09,2139.17,KOSPI
2011-05-11,2166.63,KOSPI
2011-05-12,2122.65,KOSPI
2011-05-13,2120.08,KOSPI
2011-05-16,2104.18,KOSPI
2011-05-17,2102.41,KOSPI
2011-05-18,2135.78,KOSPI
2011-05-19,2095.51,KOSPI
2011-05-20,2111.5,KOSPI
2011-05-23,2055.71,KOSPI
2011-05-24,2061.76,KOSPI
2011-05-25,2035.87,KOSPI
2011-05-26,2091.91,KOSPI
2011-05-27,2100.24,KOSPI
2011-05-30,2093.79,KOSPI
2011-05-31,2142.47,KOSPI
2011-06-01,2141.34,KOSPI
2011-06-02,2114.2,KOSPI
2011-06-03,2113.47,KOSPI
2011-06-07,2099.71,KOSPI
2011-06-08,2083.35,KOSPI
2011-06-09,2071.42,KOSPI
2011-06-10,2046.67,KOSPI
2011-06-13,2048.74,KOSPI
2011-06-14,2076.83,KOSPI
2011-06-15,2086.53,KOSPI
2011-06-16,2046.63,KOSPI
2011-06-17,2031.93,KOSPI
2011-06-20,2019.65,KOSPI
2011-06-21,2048.17,KOSPI
2011-06-22,2063.9,KOSPI
2011-06-23,2055.86,KOSPI
2011-06-24,2090.81,KOSPI
2011-06-27,2070.29,KOSPI
2011-06-28,2062.91,KOSPI
2011-06-29,2094.42,KOSPI
2011-06-30,2100.69,KOSPI
2011-07-01,2125.74,KOSPI
2011-07-04,2145.3,KOSPI
2011-07-05,2161.75,KOSPI
2011-07-06,2171.19,KOSPI
2011-07-07,2180.59,KOSPI
2011-07-08,2180.35,KOSPI
2011-07-11,2157.16,KOSPI
2011-07-12,2109.73,KOSPI
2011-07-13,2129.64,KOSPI
2011-07-14,2130.07,KOSPI
2011-07-15,2145.2,KOSPI
2011-07-18,2130.48,KOSPI
2011-07-19,2130.21,KOSPI
2011-07-20,2154.95,KOSPI
2011-07-21,2145.04,KOSPI
2011-07-22,2171.23,KOSPI
2011-07-25,2150.48,KOSPI
2011-07-26,2168.7,KOSPI
2011-07-27,2174.31,KOSPI
2011-07-28,2155.85,KOSPI
2011-07-29,2133.21,KOSPI
2011-08-01,2172.31,KOSPI
2011-08-02,2121.27,KOSPI
2011-08-03,2066.26,KOSPI
2011-08-04,2018.47,KOSPI
2011-08-05,1943.75,KOSPI
2011-08-08,1869.45,KOSPI
2011-08-09,1801.35,KOSPI
2011-08-10,1806.24,KOSPI
2011-08-11,1817.44,KOSPI
2011-08-12,1793.31,KOSPI
2011-08-16,1879.87,KOSPI
2011-08-17,1892.67,KOSPI
2011-08-18,1860.58,KOSPI
2011-08-19,1744.88,KOSPI
2011-08-22,1710.7,KOSPI
2011-08-23,1776.68,KOSPI
2011-08-24,1754.78,KOSPI
2011-08-25,1764.58,KOSPI
2011-08-26,1778.95,KOSPI
2011-08-29,1829.5,KOSPI
2011-08-30,1843.82,KOSPI
2011-08-31,1880.11,KOSPI
2011-09-01,1880.7,KOSPI
2011-09-02,1867.75,KOSPI
2011-09-05,1785.83,KOSPI
2011-09-06,1766.71,KOSPI
2011-09-07,1833.46,KOSPI
2011-09-08,1846.64,KOSPI
2011-09-09,1812.93,KOSPI
2011-09-14,1749.16,KOSPI
2011-09-15,1774.08,KOSPI
2011-09-16,1840.1,KOSPI
2011-09-19,1820.94,KOSPI
2011-09-20,1837.97,KOSPI
2011-09-21,1854.28,KOSPI
2011-09-22,1800.55,KOSPI
2011-09-23,1697.44,KOSPI
2011-09-26,1652.71,KOSPI
2011-09-27,1735.71,KOSPI
2011-09-28,1723.09,KOSPI
2011-09-29,1769.29,KOSPI
2011-09-30,1769.65,KOSPI
2011-10-04,1706.19,KOSPI
2011-10-05,1666.52,KOSPI
2011-10-06,1710.32,KOSPI
2011-10-07,1759.77,KOSPI
2011-10-10,1766.44,KOSPI
2011-10-11,1795.02,KOSPI
2011-10-12,1809.5,KOSPI
2011-10-13,1823.1,KOSPI
2011-10-14,1835.4,KOSPI
2011-10-17,1865.18,KOSPI
2011-10-18,1838.9,KOSPI
2011-10-19,1855.92,KOSPI
2011-10-20,1805.09,KOSPI
2011-10-21,1838.38,KOSPI
2011-10-24,1898.32,KOSPI
2011-10-25,1888.65,KOSPI
2011-10-26,1894.31,KOSPI
2011-10-27,1922.04,KOSPI
2011-10-28,1929.48,KOSPI
2011-10-31,1909.03,KOSPI
2011-11-01,1909.63,KOSPI
2011-11-02,1898.01,KOSPI
2011-11-03,1869.96,KOSPI
2011-11-04,1928.41,KOSPI
2011-11-07,1919.1,KOSPI
2011-11-08,1903.14,KOSPI
2011-11-09,1907.53,KOSPI
2011-11-10,1813.25,KOSPI
2011-11-11,1863.45,KOSPI
2011-11-14,1902.81,KOSPI
2011-11-15,1886.12,KOSPI
2011-11-16,1856.07,KOSPI
2011-11-17,1876.67,KOSPI
2011-11-18,1839.17,KOSPI
2011-11-21,1820.03,KOSPI
2011-11-22,1826.28,KOSPI
2011-11-23,1783.1,KOSPI
2011-11-24,1795.06,KOSPI
2011-11-25,1776.4,KOSPI
2011-11-28,1815.28,KOSPI
2011-11-29,1856.52,KOSPI
2011-11-30,1847.51,KOSPI
2011-12-01,1916.18,KOSPI
2011-12-02,1916.04,KOSPI
2011-12-05,1922.9,KOSPI
2011-12-06,1902.82,KOSPI
2011-12-07,1919.42,KOSPI
2011-12-08,1912.39,KOSPI
2011-12-09,1874.75,KOSPI
2011-12-12,1899.76,KOSPI
2011-12-13,1864.06,KOSPI
2011-12-14,1857.75,KOSPI
2011-12-15,1819.11,KOSPI
2011-12-16,1839.96,KOSPI
2011-12-19,1776.93,KOSPI
2011-12-20,1793.06,KOSPI
2011-12-21,1848.41,KOSPI
2011-12-22,1847.49,KOSPI
2011-12-23,1867.22,KOSPI
2011-12-26,1856.7,KOSPI
2011-12-27,1842.02,KOSPI
2011-12-28,1825.12,KOSPI
2011-12-29,1825.74,KOSPI
2012-01-02,1826.37,KOSPI
2012-01-03,1875.41,KOSPI
2012-01-04,1866.22,KOSPI
2012-01-05,1863.74,KOSPI
2012-01-06,1843.14,KOSPI
2012-01-09,1826.49,KOSPI
2012-01-10,1853.22,KOSPI
2012-01-11,1845.55,KOSPI
2012-01-12,1864.57,KOSPI
2012-01-13,1875.68,KOSPI
2012-01-16,1859.27,KOSPI
2012-01-17,1892.74,KOSPI
2012-01-18,1892.39,KOSPI
2012-01-19,1914.97,KOSPI
2012-01-20,1949.89,KOSPI
2012-01-25,1952.23,KOSPI
2012-01-26,1957.18,KOSPI
2012-01-27,1964.83,KOSPI
2012-01-30,1940.55,KOSPI
2012-01-31,1955.79,KOSPI
2012-02-01,1959.24,KOSPI
2012-02-02,1984.3,KOSPI
2012-02-03,1972.34,KOSPI
2012-02-06,1973.13,KOSPI
2012-02-07,1981.59,KOSPI
2012-02-08,2003.73,KOSPI
2012-02-09,2014.62,KOSPI
2012-02-10,1993.71,KOSPI
2012-02-13,2005.74,KOSPI
2012-02-14,2002.64,KOSPI
2012-02-15,2025.32,KOSPI
2012-02-16,1997.45,KOSPI
2012-02-17,2023.47,KOSPI
2012-02-20,2024.9,KOSPI
2012-02-21,2024.24,KOSPI
2012-02-22,2028.65,KOSPI
2012-02-23,2007.8,KOSPI
2012-02-24,2019.89,KOSPI
2012-02-27,1991.16,KOSPI
2012-02-28,2003.69,KOSPI
2012-02-29,2030.25,KOSPI
2012-03-02,2034.63,KOSPI
2012-03-05,2016.06,KOSPI
2012-03-06,2000.36,KOSPI
2012-03-07,1982.15,KOSPI
2012-03-08,2000.76,KOSPI
2012-03-09,2018.3,KOSPI
2012-03-12,2002.5,KOSPI
2012-03-13,2025.04,KOSPI
2012-03-14,2045.08,KOSPI
2012-03-15,2043.76,KOSPI
2012-03-16,2034.44,KOSPI
2012-03-19,2047.0,KOSPI
2012-03-20,2042.15,KOSPI
2012-03-21,2027.23,KOSPI
2012-03-22,2026.12,KOSPI
2012-03-23,2026.83,KOSPI
2012-03-26,2019.19,KOSPI
2012-03-27,2039.76,KOSPI
2012-03-28,2031.74,KOSPI
2012-03-29,2014.41,KOSPI
2012-03-30,2014.04,KOSPI
2012-04-02,2029.29,KOSPI
2012-04-03,2049.28,KOSPI
2012-04-04,2018.61,KOSPI
2012-04-05,2028.77,KOSPI
2012-04-06,2029.03,KOSPI
2012-04-09,1997.08,KOSPI
2012-04-10,1994.41,KOSPI
2012-04-12,1986.63,KOSPI
2012-04-13,2008.91,KOSPI
2012-04-16,1992.63,KOSPI
2012-04-17,1985.3,KOSPI
2012-04-18,2004.53,KOSPI
2012-04-19,1999.86,KOSPI
2012-04-20,1974.65,KOSPI
2012-04-23,1972.63,KOSPI
2012-04-24,1963.42,KOSPI
2012-04-25,1961.98,KOSPI
2012-04-26,1964.04,KOSPI
2012-04-27,1975.35,KOSPI
2012-04-30,1981.99,KOSPI
2012-05-02,1999.07,KOSPI
2012-05-03,1995.11,KOSPI
2012-05-04,1989.15,KOSPI
2012-05-07,1956.44,KOSPI
2012-05-08,1967.01,KOSPI
2012-05-09,1950.29,KOSPI
2012-05-10,1944.93,KOSPI
2012-05-11,1917.13,KOSPI
2012-05-14,1913.73,KOSPI
2012-05-15,1898.96,KOSPI
2012-05-16,1840.53,KOSPI
2012-05-17,1845.24,KOSPI
2012-05-18,1782.46,KOSPI
2012-05-21,1799.13,KOSPI
2012-05-22,1828.69,KOSPI
2012-05-23,1808.62,KOSPI
2012-05-24,1814.47,KOSPI
2012-05-25,1824.17,KOSPI
2012-05-29,1849.91,KOSPI
2012-05-30,1844.86,KOSPI
2012-05-31,1843.47,KOSPI
2012-06-01,1834.51,KOSPI
2012-06-04,1783.13,KOSPI
2012-06-05,1801.85,KOSPI
2012-06-07,1847.95,KOSPI
2012-06-08,1835.64,KOSPI
2012-06-11,1867.04,KOSPI
2012-06-12,1854.74,KOSPI
2012-06-13,1859.32,KOSPI
2012-06-14,1871.48,KOSPI
2012-06-15,1858.16,KOSPI
2012-06-18,1891.71,KOSPI
2012-06-19,1891.77,KOSPI
2012-06-20,1904.12,KOSPI
2012-06-21,1889.15,KOSPI
2012-06-22,1847.39,KOSPI
2012-06-25,1825.38,KOSPI
2012-06-26,1817.81,KOSPI
2012-06-27,1817.65,KOSPI
2012-06-28,1819.18,KOSPI
2012-06-29,1854.01,KOSPI
2012-07-02,1851.65,KOSPI
2012-07-03,1867.82,KOSPI
2012-07-04,1874.45,KOSPI
2012-07-05,1875.49,KOSPI
2012-07-06,1858.2,KOSPI
2012-07-09,1836.13,KOSPI
2012-07-10,1829.45,KOSPI
2012-07-11,1826.39,KOSPI
2012-07-12,1785.39,KOSPI
2012-07-13,1812.89,KOSPI
2012-07-16,1817.79,KOSPI
2012-07-17,1821.96,KOSPI
2012-07-18,1794.91,KOSPI
2012-07-19,1822.96,KOSPI
2012-07-20,1822.93,KOSPI
2012-07-23,1789.44,KOSPI
2012-07-24,1793.93,KOSPI
2012-07-25,1769.31,KOSPI
2012-07-26,1782.47,KOSPI
2012-07-27,1829.16,KOSPI
2012-07-30,1843.79,KOSPI
2012-07-31,1881.99,KOSPI
2012-08-01,1879.93,KOSPI
2012-08-02,1869.4,KOSPI
2012-08-03,1848.68,KOSPI
2012-08-06,1885.88,KOSPI
2012-08-07,1886.8,KOSPI
2012-08-08,1903.23,KOSPI
2012-08-09,1940.59,KOSPI
2012-08-10,1946.4,KOSPI
2012-08-13,1932.44,KOSPI
2012-08-14,1956.96,KOSPI
2012-08-16,1957.91,KOSPI
2012-08-17,1946.54,KOSPI
2012-08-20,1946.31,KOSPI
2012-08-21,1943.22,KOSPI
2012-08-22,1935.19,KOSPI
2012-08-23,1942.54,KOSPI
2012-08-24,1919.81,KOSPI
2012-08-27,1917.87,KOSPI
2012-08-28,1916.33,KOSPI
2012-08-29,1928.54,KOSPI
2012-08-30,1906.38,KOSPI
2012-08-31,1905.12,KOSPI
2012-09-03,1912.71,KOSPI
2012-09-04,1907.13,KOSPI
2012-09-05,1874.03,KOSPI
2012-09-06,1881.24,KOSPI
2012-09-07,1929.58,KOSPI
2012-09-10,1924.7,KOSPI
2012-09-11,1920.0,KOSPI
2012-09-12,1950.03,KOSPI
2012-09-13,1950.69,KOSPI
2012-09-14,2007.58,KOSPI
2012-09-17,2002.35,KOSPI
2012-09-18,2004.96,KOSPI
2012-09-19,2007.88,KOSPI
2012-09-20,1990.33,KOSPI
2012-09-21,2002.37,KOSPI
2012-09-24,2003.44,KOSPI
2012-09-25,1991.41,KOSPI
2012-09-26,1980.44,KOSPI
2012-09-27,1988.7,KOSPI
2012-09-28,1996.21,KOSPI
2012-10-02,1996.03,KOSPI
2012-10-04,1992.68,KOSPI
2012-10-05,1995.17,KOSPI
2012-10-08,1981.89,KOSPI
2012-10-09,1979.04,KOSPI
2012-10-10,1948.22,KOSPI
2012-10-11,1933.09,KOSPI
2012-10-12,1933.26,KOSPI
2012-10-15,1925.59,KOSPI
2012-10-16,1941.54,KOSPI
2012-10-17,1955.15,KOSPI
2012-10-18,1959.12,KOSPI
2012-10-19,1943.84,KOSPI
2012-10-22,1941.59,KOSPI
2012-10-23,1926.81,KOSPI
2012-10-24,1913.96,KOSPI
2012-10-25,1924.5,KOSPI
2012-10-26,1891.43,KOSPI
2012-10-29,1891.52,KOSPI
2012-10-30,1899.58,KOSPI
2012-10-31,1912.06,KOSPI
2012-11-01,1898.44,KOSPI
2012-11-02,1918.72,KOSPI
2012-11-05,1908.22,KOSPI
2012-11-06,1928.17,KOSPI
2012-11-07,1937.55,KOSPI
2012-11-08,1914.41,KOSPI
2012-11-09,1904.41,KOSPI
2012-11-12,1900.87,KOSPI
2012-11-13,1889.7,KOSPI
2012-11-14,1894.04,KOSPI
2012-11-15,1870.72,KOSPI
2012-11-16,1860.83,KOSPI
2012-11-19,1878.1,KOSPI
2012-11-20,1890.18,KOSPI
2012-11-21,1884.04,KOSPI
2012-11-22,1899.5,KOSPI
2012-11-23,1911.33,KOSPI
2012-11-26,1908.51,KOSPI
2012-11-27,1925.2,KOSPI
2012-11-28,1912.78,KOSPI
2012-11-29,1934.85,KOSPI
2012-11-30,1932.9,KOSPI
2012-12-03,1940.02,KOSPI
2012-12-04,1935.18,KOSPI
2012-12-05,1947.04,KOSPI
2012-12-06,1949.62,KOSPI
2012-12-07,1957.45,KOSPI
2012-12-10,1957.42,KOSPI
2012-12-11,1964.62,KOSPI
2012-12-12,1975.44,KOSPI
2012-12-13,2002.77,KOSPI
2012-12-14,1995.04,KOSPI
2012-12-17,1983.07,KOSPI
2012-12-18,1993.09,KOSPI
2012-12-20,1999.5,KOSPI
2012-12-21,1980.42,KOSPI
2012-12-24,1981.82,KOSPI
2012-12-26,1982.25,KOSPI
2012-12-27,1987.35,KOSPI
2012-12-28,1997.05,KOSPI
2013-01-02,2031.1,KOSPI
2013-01-03,2019.41,KOSPI
2013-01-04,2011.94,KOSPI
2013-01-07,2011.25,KOSPI
2013-01-08,1997.94,KOSPI
2013-01-09,1991.81,KOSPI
2013-01-10,2006.8,KOSPI
2013-01-11,1996.67,KOSPI
2013-01-14,2007.04,KOSPI
2013-01-15,1983.74,KOSPI
2013-01-16,1977.45,KOSPI
2013-01-17,1974.27,KOSPI
2013-01-18,1987.85,KOSPI
2013-01-21,1986.86,KOSPI
2013-01-22,1996.52,KOSPI
2013-01-23,1980.41,KOSPI
2013-01-24,1964.48,KOSPI
2013-01-25,1946.69,KOSPI
2013-01-28,1939.71,KOSPI
2013-01-29,1955.96,KOSPI
2013-01-30,1964.43,KOSPI
2013-01-31,1961.94,KOSPI
2013-02-01,1957.79,KOSPI
2013-02-04,1953.21,KOSPI
2013-02-05,1938.18,KOSPI
2013-02-06,1936.19,KOSPI
2013-02-07,1931.77,KOSPI
2013-02-08,1950.9,KOSPI
2013-02-12,1945.79,KOSPI
2013-02-13,1976.07,KOSPI
2013-02-14,1979.61,KOSPI
2013-02-15,1981.18,KOSPI
2013-02-18,1981.91,KOSPI
2013-02-19,1985.83,KOSPI
2013-02-20,2024.64,KOSPI
2013-02-21,2015.22,KOSPI
2013-02-22,2018.89,KOSPI
2013-02-25,2009.52,KOSPI
2013-02-26,2000.01,KOSPI
2013-02-27,2004.04,KOSPI
2013-02-28,2026.49,KOSPI
2013-03-04,2013.15,KOSPI
2013-03-05,2016.61,KOSPI
2013-03-06,2020.74,KOSPI
2013-03-07,2004.4,KOSPI
2013-03-08,2006.01,KOSPI
2013-03-11,2003.35,KOSPI
2013-03-12,1993.34,KOSPI
2013-03-13,1999.73,KOSPI
2013-03-14,2002.13,KOSPI
2013-03-15,1986.5,KOSPI
2013-03-18,1968.18,KOSPI
2013-03-19,1978.56,KOSPI
2013-03-20,1959.41,KOSPI
2013-03-21,1950.82,KOSPI
2013-03-22,1948.71,KOSPI
2013-03-25,1977.67,KOSPI
2013-03-26,1983.7,KOSPI
2013-03-27,1993.44,KOSPI
2013-03-28,1993.52,KOSPI
2013-03-29,2004.89,KOSPI
2013-04-01,1995.99,KOSPI
2013-04-02,1986.15,KOSPI
2013-04-03,1983.22,KOSPI
2013-04-04,1959.45,KOSPI
2013-04-05,1927.23,KOSPI
2013-04-08,1918.69,KOSPI
2013-04-09,1920.74,KOSPI
2013-04-10,1935.58,KOSPI
2013-04-11,1949.8,KOSPI
2013-04-12,1924.23,KOSPI
2013-04-15,1920.45,KOSPI
2013-04-16,1922.21,KOSPI
2013-04-17,1923.84,KOSPI
2013-04-18,1900.06,KOSPI
2013-04-19,1906.75,KOSPI
2013-04-22,1926.31,KOSPI
2013-04-23,1918.63,KOSPI
2013-04-24,1935.31,KOSPI
2013-04-25,1951.6,KOSPI
2013-04-26,1944.56,KOSPI
2013-04-29,1940.7,KOSPI
2013-04-30,1963.95,KOSPI
2013-05-02,1957.21,KOSPI
2013-05-03,1965.71,KOSPI
2013-05-06,1961.48,KOSPI
2013-05-07,1954.35,KOSPI
2013-05-08,1956.45,KOSPI
2013-05-09,1979.45,KOSPI
2013-05-10,1944.75,KOSPI
2013-05-13,1948.7,KOSPI
2013-05-14,1968.83,KOSPI
2013-05-15,1971.26,KOSPI
2013-05-16,1986.81,KOSPI
2013-05-20,1982.43,KOSPI
2013-05-21,1981.09,KOSPI
2013-05-22,1993.83,KOSPI
2013-05-23,1969.19,KOSPI
2013-05-24,1973.45,KOSPI
2013-05-27,1979.97,KOSPI
2013-05-28,1986.22,KOSPI
2013-05-29,2001.2,KOSPI
2013-05-30,2000.1,KOSPI
2013-05-31,2001.05,KOSPI
2013-06-03,1989.57,KOSPI
2013-06-04,1989.51,KOSPI
2013-06-05,1959.19,KOSPI
2013-06-07,1923.85,KOSPI
2013-06-10,1932.7,KOSPI
2013-06-11,1920.68,KOSPI
2013-06-12,1909.91,KOSPI
2013-06-13,1882.73,KOSPI
2013-06-14,1889.24,KOSPI
2013-06-17,1883.1,KOSPI
2013-06-18,1900.62,KOSPI
2013-06-19,1888.31,KOSPI
2013-06-20,1850.49,KOSPI
2013-06-21,1822.83,KOSPI
2013-06-24,1799.01,KOSPI
2013-06-25,1780.63,KOSPI
2013-06-26,1783.45,KOSPI
2013-06-27,1834.7,KOSPI
2013-06-28,1863.32,KOSPI
2013-07-01,1855.73,KOSPI
2013-07-02,1855.02,KOSPI
2013-07-03,1824.66,KOSPI
2013-07-04,1839.14,KOSPI
2013-07-05,1833.31,KOSPI
2013-07-08,1816.85,KOSPI
2013-07-09,1830.35,KOSPI
2013-07-10,1824.16,KOSPI
2013-07-11,1877.6,KOSPI
2013-07-12,1869.98,KOSPI
2013-07-15,1875.16,KOSPI
2013-07-16,1866.36,KOSPI
2013-07-17,1887.49,KOSPI
2013-07-18,1875.48,KOSPI
2013-07-19,1871.41,KOSPI
2013-07-22,1880.35,KOSPI
2013-07-23,1904.15,KOSPI
2013-07-24,1912.08,KOSPI
2013-07-25,1909.61,KOSPI
2013-07-26,1910.81,KOSPI
2013-07-29,1899.89,KOSPI
2013-07-30,1917.05,KOSPI
2013-07-31,1914.03,KOSPI
2013-08-01,1920.74,KOSPI
2013-08-02,1923.38,KOSPI
2013-08-05,1916.22,KOSPI
2013-08-06,1906.62,KOSPI
2013-08-07,1878.33,KOSPI
2013-08-08,1883.97,KOSPI
2013-08-09,1880.71,KOSPI
2013-08-12,1884.83,KOSPI
2013-08-13,1913.03,KOSPI
2013-08-14,1923.91,KOSPI
2013-08-16,1920.11,KOSPI
2013-08-19,1917.64,KOSPI
2013-08-20,1887.85,KOSPI
2013-08-21,1867.46,KOSPI
2013-08-22,1849.12,KOSPI
2013-08-23,1870.16,KOSPI
2013-08-26,1887.86,KOSPI
2013-08-27,1885.84,KOSPI
2013-08-28,1884.52,KOSPI
2013-08-29,1907.54,KOSPI
2013-08-30,1926.36,KOSPI
2013-09-02,1924.81,KOSPI
2013-09-03,1933.74,KOSPI
2013-09-04,1933.03,KOSPI
2013-09-05,1951.65,KOSPI
2013-09-06,1955.31,KOSPI
2013-09-09,1974.67,KOSPI
2013-09-10,1994.06,KOSPI
2013-09-11,2003.85,KOSPI
2013-09-12,2004.06,KOSPI
2013-09-13,1994.32,KOSPI
2013-09-16,2013.37,KOSPI
2013-09-17,2005.58,KOSPI
2013-09-23,2009.41,KOSPI
2013-09-24,2007.1,KOSPI
2013-09-25,1998.06,KOSPI
2013-09-26,2007.32,KOSPI
2013-09-27,2011.8,KOSPI
2013-09-30,1996.96,KOSPI
2013-10-01,1998.87,KOSPI
2013-10-02,1999.47,KOSPI
2013-10-04,1996.98,KOSPI
2013-10-07,1994.42,KOSPI
2013-10-08,2002.76,KOSPI
2013-10-10,2001.4,KOSPI
2013-10-11,2024.9,KOSPI
2013-10-14,2020.27,KOSPI
2013-10-15,2040.96,KOSPI
2013-10-16,2034.61,KOSPI
2013-10-17,2040.61,KOSPI
2013-10-18,2052.4,KOSPI
2013-10-21,2053.01,KOSPI
2013-10-22,2056.12,KOSPI
2013-10-23,2035.75,KOSPI
2013-10-24,2046.69,KOSPI
2013-10-25,2034.39,KOSPI
2013-10-28,2048.14,KOSPI
2013-10-29,2051.76,KOSPI
2013-10-30,2059.58,KOSPI
2013-10-31,2030.09,KOSPI
2013-11-01,2039.42,KOSPI
2013-11-04,2025.17,KOSPI
2013-11-05,2013.93,KOSPI
2013-11-06,2013.67,KOSPI
2013-11-07,2004.04,KOSPI
2013-11-08,1984.87,KOSPI
2013-11-11,1977.3,KOSPI
2013-11-12,1995.48,KOSPI
2013-11-13,1963.56,KOSPI
2013-11-14,1967.56,KOSPI
2013-11-15,2005.64,KOSPI
2013-11-18,2010.81,KOSPI
2013-11-19,2031.64,KOSPI
2013-11-20,2017.24,KOSPI
2013-11-21,1993.78,KOSPI
2013-11-22,2006.23,KOSPI
2013-11-25,2015.98,KOSPI
2013-11-26,2022.64,KOSPI
2013-11-27,2028.81,KOSPI
2013-11-28,2045.77,KOSPI
2013-11-29,2044.87,KOSPI
2013-12-02,2030.78,KOSPI
2013-12-03,2009.36,KOSPI
2013-12-04,1986.8,KOSPI
2013-12-05,1984.77,KOSPI
2013-12-06,1980.41,KOSPI
2013-12-09,2000.38,KOSPI
2013-12-10,1993.45,KOSPI
2013-12-11,1977.97,KOSPI
2013-12-12,1967.93,KOSPI
2013-12-13,1962.91,KOSPI
2013-12-16,1961.15,KOSPI
2013-12-17,1965.74,KOSPI
2013-12-18,1974.63,KOSPI
2013-12-19,1975.65,KOSPI
2013-12-20,1983.35,KOSPI
2013-12-23,1996.89,KOSPI
2013-12-24,2001.59,KOSPI
2013-12-26,1999.3,KOSPI
2013-12-27,2002.28,KOSPI
2013-12-30,2011.34,KOSPI
2014-01-02,1967.19,KOSPI
2014-01-03,1946.14,KOSPI
2014-01-06,1953.28,KOSPI
2014-01-07,1959.44,KOSPI
2014-01-08,1958.96,KOSPI
2014-01-09,1946.11,KOSPI
2014-01-10,1938.54,KOSPI
2014-01-13,1948.92,KOSPI
2014-01-14,1946.07,KOSPI
2014-01-15,1953.28,KOSPI
2014-01-16,1957.32,KOSPI
2014-01-17,1944.48,KOSPI
2014-01-20,1953.78,KOSPI
2014-01-21,1963.89,KOSPI
2014-01-22,1970.42,KOSPI
2014-01-23,1947.59,KOSPI
2014-01-24,1940.56,KOSPI
2014-01-27,1910.34,KOSPI
2014-01-28,1916.93,KOSPI
2014-01-29,1941.15,KOSPI
2014-02-03,1919.96,KOSPI
2014-02-04,1886.85,KOSPI
2014-02-05,1891.32,KOSPI
2014-02-06,1907.89,KOSPI
2014-02-07,1922.5,KOSPI
2014-02-10,1923.3,KOSPI
2014-02-11,1932.06,KOSPI
2014-02-12,1935.84,KOSPI
2014-02-13,1926.96,KOSPI
2014-02-14,1940.28,KOSPI
2014-02-17,1946.36,KOSPI
2014-02-18,1946.91,KOSPI
2014-02-19,1942.93,KOSPI
2014-02-20,1930.57,KOSPI
2014-02-21,1957.83,KOSPI
2014-02-24,1949.05,KOSPI
2014-02-25,1964.86,KOSPI
2014-02-26,1970.77,KOSPI
2014-02-27,1978.43,KOSPI
2014-02-28,1979.99,KOSPI
2014-03-03,1964.69,KOSPI
2014-03-04,1954.11,KOSPI
2014-03-05,1971.24,KOSPI
2014-03-06,1975.62,KOSPI
2014-03-07,1974.68,KOSPI
2014-03-10,1954.42,KOSPI
2014-03-11,1963.87,KOSPI
2014-03-12,1932.54,KOSPI
2014-03-13,1934.38,KOSPI
2014-03-14,1919.9,KOSPI
2014-03-17,1927.53,KOSPI
2014-03-18,1940.21,KOSPI
2014-03-19,1937.68,KOSPI
2014-03-20,1919.52,KOSPI
2014-03-21,1934.94,KOSPI
2014-03-24,1945.55,KOSPI
2014-03-25,1941.25,KOSPI
2014-03-26,1964.31,KOSPI
2014-03-27,1977.97,KOSPI
2014-03-28,1981.0,KOSPI
2014-03-31,1985.61,KOSPI
2014-04-01,1991.98,KOSPI
2014-04-02,1997.25,KOSPI
2014-04-03,1993.7,KOSPI
2014-04-04,1988.09,KOSPI
2014-04-07,1989.7,KOSPI
2014-04-08,1993.03,KOSPI
2014-04-09,1998.95,KOSPI
2014-04-10,2008.61,KOSPI
2014-04-11,1997.44,KOSPI
2014-04-14,1997.02,KOSPI
2014-04-15,1992.27,KOSPI
2014-04-16,1992.21,KOSPI
2014-04-17,1992.05,KOSPI
2014-04-18,2004.28,KOSPI
2014-04-21,1999.22,KOSPI
2014-04-22,2004.22,KOSPI
2014-04-23,2000.37,KOSPI
2014-04-24,1998.34,KOSPI
2014-04-25,1971.66,KOSPI
2014-04-28,1969.26,KOSPI
2014-04-29,1964.77,KOSPI
2014-04-30,1961.79,KOSPI
2014-05-02,1959.44,KOSPI
2014-05-07,1939.88,KOSPI
2014-05-08,1950.6,KOSPI
2014-05-09,1956.55,KOSPI
2014-05-12,1964.94,KOSPI
2014-05-13,1982.93,KOSPI
2014-05-14,2010.83,KOSPI
2014-05-15,2010.2,KOSPI
2014-05-16,2013.44,KOSPI
2014-05-19,2015.14,KOSPI
2014-05-20,2011.26,KOSPI
2014-05-21,2008.33,KOSPI
2014-05-22,2015.59,KOSPI
2014-05-23,2017.17,KOSPI
2014-05-26,2010.35,KOSPI
2014-05-27,1997.63,KOSPI
2014-05-28,2017.06,KOSPI
2014-05-29,2012.26,KOSPI
2014-05-30,1994.96,KOSPI
2014-06-02,2002.0,KOSPI
2014-06-03,2008.56,KOSPI
2014-06-05,1995.48,KOSPI
2014-06-09,1990.04,KOSPI
2014-06-10,2011.8,KOSPI
2014-06-11,2014.67,KOSPI
2014-06-12,2011.65,KOSPI
2014-06-13,1990.85,KOSPI
2014-06-16,1993.59,KOSPI
2014-06-17,2001.55,KOSPI
2014-06-18,1989.49,KOSPI
2014-06-19,1992.03,KOSPI
2014-06-20,1968.07,KOSPI
2014-06-23,1974.92,KOSPI
2014-06-24,1994.35,KOSPI
2014-06-25,1981.77,KOSPI
2014-06-26,1995.05,KOSPI
2014-06-27,1988.51,KOSPI
2014-06-30,2002.21,KOSPI
2014-07-01,1999.0,KOSPI
2014-07-02,2015.28,KOSPI
2014-07-03,2010.97,KOSPI
2014-07-04,2009.66,KOSPI
2014-07-07,2005.12,KOSPI
2014-07-08,2006.66,KOSPI
2014-07-09,2000.5,KOSPI
2014-07-10,2002.84,KOSPI
2014-07-11,1988.74,KOSPI
2014-07-14,1993.88,KOSPI
2014-07-15,2012.72,KOSPI
2014-07-16,2013.48,KOSPI
2014-07-17,2020.9,KOSPI
2014-07-18,2019.42,KOSPI
2014-07-21,2018.5,KOSPI
2014-07-22,2028.93,KOSPI
2014-07-23,2028.32,KOSPI
2014-07-24,2026.62,KOSPI
2014-07-25,2033.85,KOSPI
2014-07-28,2048.81,KOSPI
2014-07-29,2061.97,KOSPI
2014-07-30,2082.61,KOSPI
2014-07-31,2076.12,KOSPI
2014-08-01,2073.1,KOSPI
2014-08-04,2080.42,KOSPI
2014-08-05,2066.26,KOSPI
2014-08-06,2060.73,KOSPI
2014-08-07,2054.51,KOSPI
2014-08-08,2031.1,KOSPI
2014-08-11,2039.37,KOSPI
2014-08-12,2041.47,KOSPI
2014-08-13,2062.36,KOSPI
2014-08-14,2063.22,KOSPI
2014-08-18,2053.13,KOSPI
2014-08-19,2071.14,KOSPI
2014-08-20,2072.78,KOSPI
2014-08-21,2044.21,KOSPI
2014-08-22,2056.7,KOSPI
2014-08-25,2060.89,KOSPI
2014-08-26,2068.05,KOSPI
2014-08-27,2074.93,KOSPI
2014-08-28,2075.76,KOSPI
2014-08-29,2068.54,KOSPI
2014-09-01,2067.86,KOSPI
2014-09-02,2051.58,KOSPI
2014-09-03,2051.2,KOSPI
2014-09-04,2056.26,KOSPI
2014-09-05,2049.41,KOSPI
2014-09-11,2034.16,KOSPI
2014-09-12,2041.86,KOSPI
2014-09-15,2035.82,KOSPI
2014-09-16,2042.92,KOSPI
2014-09-17,2062.61,KOSPI
2014-09-18,2047.74,KOSPI
2014-09-19,2053.82,KOSPI
2014-09-22,2039.27,KOSPI
2014-09-23,2028.91,KOSPI
2014-09-24,2035.64,KOSPI
2014-09-25,2034.11,KOSPI
2014-09-26,2031.64,KOSPI
2014-09-29,2026.6,KOSPI
2014-09-30,2020.09,KOSPI
2014-10-01,1991.54,KOSPI
2014-10-02,1976.16,KOSPI
2014-10-06,1968.39,KOSPI
2014-10-07,1972.91,KOSPI
2014-10-08,1965.25,KOSPI
2014-10-10,1940.92,KOSPI
2014-10-13,1927.21,KOSPI
2014-10-14,1929.25,KOSPI
2014-10-15,1925.91,KOSPI
2014-10-16,1918.83,KOSPI
2014-10-17,1900.66,KOSPI
2014-10-20,1930.06,KOSPI
2014-10-21,1915.28,KOSPI
2014-10-22,1936.97,KOSPI
2014-10-23,1931.65,KOSPI
2014-10-24,1925.69,KOSPI
2014-10-27,1931.97,KOSPI
2014-10-28,1925.68,KOSPI
2014-10-29,1961.17,KOSPI
2014-10-30,1958.93,KOSPI
2014-10-31,1964.43,KOSPI
2014-11-03,1952.97,KOSPI
2014-11-04,1935.19,KOSPI
2014-11-05,1931.43,KOSPI
2014-11-06,1936.48,KOSPI
2014-11-07,1939.87,KOSPI
2014-11-10,1958.23,KOSPI
2014-11-11,1963.0,KOSPI
2014-11-12,1967.27,KOSPI
2014-11-13,1960.51,KOSPI
2014-11-14,1945.14,KOSPI
2014-11-17,1943.63,KOSPI
2014-11-18,1967.01,KOSPI
2014-11-19,1966.87,KOSPI
2014-11-20,1958.04,KOSPI
2014-11-21,1964.84,KOSPI
2014-11-24,1978.54,KOSPI
2014-11-25,1980.21,KOSPI
2014-11-26,1980.84,KOSPI
2014-11-27,1982.09,KOSPI
2014-11-28,1980.78,KOSPI
2014-12-01,1965.22,KOSPI
2014-12-02,1965.83,KOSPI
2014-12-03,1969.91,KOSPI
2014-12-04,1986.61,KOSPI
2014-12-05,1986.62,KOSPI
2014-12-08,1978.95,KOSPI
2014-12-09,1970.95,KOSPI
2014-12-10,1945.56,KOSPI
2014-12-11,1916.59,KOSPI
2014-12-12,1921.71,KOSPI
2014-12-15,1920.36,KOSPI
2014-12-16,1904.13,KOSPI
2014-12-17,1900.16,KOSPI
2014-12-18,1897.5,KOSPI
2014-12-19,1929.98,KOSPI
2014-12-22,1943.12,KOSPI
2014-12-23,1939.02,KOSPI
2014-12-24,1946.61,KOSPI
2014-12-26,1948.16,KOSPI
2014-12-29,1927.86,KOSPI
2014-12-30,1915.59,KOSPI
2015-01-02,1926.44,KOSPI
2015-01-05,1915.75,KOSPI
2015-01-06,1882.45,KOSPI
2015-01-07,1883.83,KOSPI
2015-01-08,1904.65,KOSPI
2015-01-09,1924.7,KOSPI
2015-01-12,1920.95,KOSPI
2015-01-13,1917.14,KOSPI
2015-01-14,1913.66,KOSPI
2015-01-15,1914.14,KOSPI
2015-01-16,1888.13,KOSPI
2015-01-19,1902.62,KOSPI
2015-01-20,1918.31,KOSPI
2015-01-21,1921.23,KOSPI
2015-01-22,1920.82,KOSPI
2015-01-23,1936.09,KOSPI
2015-01-26,1935.68,KOSPI
2015-01-27,1952.4,KOSPI
2015-01-28,1961.58,KOSPI
2015-01-29,1951.02,KOSPI
2015-01-30,1949.26,KOSPI
2015-02-02,1952.68,KOSPI
2015-02-03,1951.96,KOSPI
2015-02-04,1962.79,KOSPI
2015-02-05,1952.84,KOSPI
2015-02-06,1955.52,KOSPI
2015-02-09,1947.0,KOSPI
2015-02-10,1935.86,KOSPI
2015-02-11,1945.7,KOSPI
2015-02-12,1941.63,KOSPI
2015-02-13,1957.5,KOSPI
2015-02-16,1958.23,KOSPI
2015-02-17,1961.45,KOSPI
2015-02-23,1968.39,KOSPI
2015-02-24,1976.12,KOSPI
2015-02-25,1990.47,KOSPI
2015-02-26,1993.08,KOSPI
2015-02-27,1985.8,KOSPI
2015-03-02,1996.81,KOSPI
2015-03-03,2001.38,KOSPI
2015-03-04,1998.29,KOSPI
2015-03-05,1998.38,KOSPI
2015-03-06,2012.94,KOSPI
2015-03-09,1992.82,KOSPI
2015-03-10,1984.77,KOSPI
2015-03-11,1980.83,KOSPI
2015-03-12,1970.59,KOSPI
2015-03-13,1985.79,KOSPI
2015-03-16,1987.33,KOSPI
2015-03-17,2029.91,KOSPI
2015-03-18,2028.45,KOSPI
2015-03-19,2037.89,KOSPI
2015-03-20,2037.24,KOSPI
2015-03-23,2036.59,KOSPI
2015-03-24,2041.37,KOSPI
2015-03-25,2042.81,KOSPI
2015-03-26,2022.56,KOSPI
2015-03-27,2019.8,KOSPI
2015-03-30,2030.04,KOSPI
2015-03-31,2041.03,KOSPI
2015-04-01,2028.45,KOSPI
2015-04-02,2029.07,KOSPI
2015-04-03,2045.42,KOSPI
2015-04-06,2046.43,KOSPI
2015-04-07,2047.03,KOSPI
2015-04-08,2059.26,KOSPI
2015-04-09,2058.87,KOSPI
2015-04-10,2087.76,KOSPI
2015-04-13,2098.92,KOSPI
2015-04-14,2111.72,KOSPI
2015-04-15,2119.96,KOSPI
2015-04-16,2139.9,KOSPI
2015-04-17,2143.5,KOSPI
2015-04-20,2146.71,KOSPI
2015-04-21,2144.79,KOSPI
2015-04-22,2143.89,KOSPI
2015-04-23,2173.41,KOSPI
2015-04-24,2159.8,KOSPI
2015-04-27,2157.54,KOSPI
2015-04-28,2147.67,KOSPI
2015-04-29,2142.63,KOSPI
2015-04-30,2127.17,KOSPI
2015-05-04,2132.23,KOSPI
2015-05-06,2104.58,KOSPI
2015-05-07,2091.0,KOSPI
2015-05-08,2085.52,KOSPI
2015-05-11,2097.38,KOSPI
2015-05-12,2096.77,KOSPI
2015-05-13,2114.16,KOSPI
2015-05-14,2120.33,KOSPI
2015-05-15,2106.5,KOSPI
2015-05-18,2113.72,KOSPI
2015-05-19,2120.85,KOSPI
2015-05-20,2139.54,KOSPI
2015-05-21,2122.81,KOSPI
2015-05-22,2146.1,KOSPI
2015-05-26,2143.5,KOSPI
2015-05-27,2107.5,KOSPI
2015-05-28,2110.89,KOSPI
2015-05-29,2114.8,KOSPI
2015-06-01,2102.37,KOSPI
2015-06-02,2078.64,KOSPI
2015-06-03,2063.16,KOSPI
2015-06-04,2072.86,KOSPI
2015-06-05,2068.1,KOSPI
2015-06-08,2065.19,KOSPI
2015-06-09,2064.03,KOSPI
2015-06-10,2051.32,KOSPI
2015-06-11,2056.61,KOSPI
2015-06-12,2052.17,KOSPI
2015-06-15,2042.32,KOSPI
2015-06-16,2028.72,KOSPI
2015-06-17,2034.86,KOSPI
2015-06-18,2041.88,KOSPI
2015-06-19,2046.96,KOSPI
2015-06-22,2055.16,KOSPI
2015-06-23,2081.2,KOSPI
2015-06-24,2085.53,KOSPI
2015-06-25,2085.06,KOSPI
2015-06-26,2090.26,KOSPI
2015-06-29,2060.49,KOSPI
2015-06-30,2074.2,KOSPI
2015-07-01,2097.89,KOSPI
2015-07-02,2107.33,KOSPI
2015-07-03,2104.41,KOSPI
2015-07-06,2053.93,KOSPI
2015-07-07,2040.29,KOSPI
2015-07-08,2016.21,KOSPI
2015-07-09,2027.81,KOSPI
2015-07-10,2031.17,KOSPI
2015-07-13,2061.52,KOSPI
2015-07-14,2059.23,KOSPI
2015-07-15,2072.91,KOSPI
2015-07-16,2087.89,KOSPI
2015-07-17,2076.79,KOSPI
2015-07-20,2073.31,KOSPI
2015-07-21,2083.62,KOSPI
2015-07-22,2064.73,KOSPI
2015-07-23,2065.07,KOSPI
2015-07-24,2045.96,KOSPI
2015-07-27,2038.81,KOSPI
2015-07-28,2039.1,KOSPI
2015-07-29,2037.62,KOSPI
2015-07-30,2019.03,KOSPI
2015-07-31,2030.16,KOSPI
2015-08-03,2008.49,KOSPI
2015-08-04,2027.99,KOSPI
2015-08-05,2029.76,KOSPI
2015-08-06,2013.29,KOSPI
2015-08-07,2010.23,KOSPI
2015-08-10,2003.17,KOSPI
2015-08-11,1986.65,KOSPI
2015-08-12,1975.47,KOSPI
2015-08-13,1983.46,KOSPI
2015-08-17,1968.52,KOSPI
2015-08-18,1956.26,KOSPI
2015-08-19,1939.38,KOSPI
2015-08-20,1914.55,KOSPI
2015-08-21,1876.07,KOSPI
2015-08-24,1829.81,KOSPI
2015-08-25,1846.63,KOSPI
2015-08-26,1894.09,KOSPI
2015-08-27,1908.0,KOSPI
2015-08-28,1937.67,KOSPI
2015-08-31,1941.49,KOSPI
2015-09-01,1914.23,KOSPI
2015-09-02,1915.22,KOSPI
2015-09-03,1915.53,KOSPI
2015-09-04,1886.04,KOSPI
2015-09-07,1883.22,KOSPI
2015-09-08,1878.68,KOSPI
2015-09-09,1934.2,KOSPI
2015-09-10,1962.11,KOSPI
2015-09-11,1941.37,KOSPI
2015-09-14,1931.46,KOSPI
2015-09-15,1937.56,KOSPI
2015-09-16,1975.45,KOSPI
2015-09-17,1976.49,KOSPI
2015-09-18,1995.95,KOSPI
2015-09-21,1964.68,KOSPI
2015-09-22,1982.06,KOSPI
2015-09-23,1944.64,KOSPI
2015-09-24,1947.1,KOSPI
2015-09-25,1942.85,KOSPI
2015-09-30,1962.81,KOSPI
2015-10-01,1979.32,KOSPI
2015-10-02,1969.68,KOSPI
2015-10-05,1978.25,KOSPI
2015-10-06,1990.65,KOSPI
2015-10-07,2005.84,KOSPI
2015-10-08,2019.53,KOSPI
2015-10-12,2021.63,KOSPI
2015-10-13,2019.05,KOSPI
2015-10-14,2009.55,KOSPI
2015-10-15,2033.27,KOSPI
2015-10-16,2030.26,KOSPI
2015-10-19,2030.27,KOSPI
2015-10-20,2039.36,KOSPI
2015-10-21,2042.98,KOSPI
2015-10-22,2023.0,KOSPI
2015-10-23,2040.4,KOSPI
2015-10-26,2048.08,KOSPI
2015-10-27,2044.65,KOSPI
2015-10-28,2042.51,KOSPI
2015-10-29,2034.16,KOSPI
2015-10-30,2029.47,KOSPI
2015-11-02,2035.24,KOSPI
2015-11-03,2048.4,KOSPI
2015-11-04,2052.77,KOSPI
2015-11-05,2049.41,KOSPI
2015-11-06,2041.07,KOSPI
2015-11-09,2025.7,KOSPI
2015-11-10,1996.59,KOSPI
2015-11-11,1997.27,KOSPI
2015-11-12,1993.36,KOSPI
2015-11-13,1973.29,KOSPI
2015-11-16,1943.02,KOSPI
2015-11-17,1963.58,KOSPI
2015-11-18,1962.88,KOSPI
2015-11-19,1988.91,KOSPI
2015-11-20,1989.86,KOSPI
2015-11-23,2003.7,KOSPI
2015-11-24,2016.29,KOSPI
2015-11-25,2009.42,KOSPI
2015-11-26,2030.68,KOSPI
2015-11-27,2028.99,KOSPI
2015-11-30,1991.97,KOSPI
2015-12-01,2023.93,KOSPI
2015-12-02,2009.29,KOSPI
2015-12-03,1994.07,KOSPI
2015-12-04,1974.4,KOSPI
2015-12-07,1963.67,KOSPI
2015-12-08,1949.04,KOSPI
2015-12-09,1948.24,KOSPI
2015-12-10,1952.07,KOSPI
2015-12-11,1948.62,KOSPI
2015-12-14,1927.82,KOSPI
2015-12-15,1932.97,KOSPI
2015-12-16,1969.4,KOSPI
2015-12-17,1977.96,KOSPI
2015-12-18,1975.32,KOSPI
2015-12-21,1981.19,KOSPI
2015-12-22,1992.56,KOSPI
2015-12-23,1999.22,KOSPI
2015-12-24,1990.65,KOSPI
2015-12-28,1964.06,KOSPI
2015-12-29,1966.31,KOSPI
2015-12-30,1961.31,KOSPI
2016-01-04,1918.76,KOSPI
2016-01-05,1930.53,KOSPI
2016-01-06,1925.43,KOSPI
2016-01-07,1904.33,KOSPI
2016-01-08,1917.62,KOSPI
2016-01-11,1894.84,KOSPI
2016-01-12,1890.86,KOSPI
2016-01-13,1916.28,KOSPI
2016-01-14,1900.01,KOSPI
2016-01-15,1878.87,KOSPI
2016-01-18,1878.45,KOSPI
2016-01-19,1889.64,KOSPI
2016-01-20,1845.45,KOSPI
2016-01-21,1840.53,KOSPI
2016-01-22,1879.43,KOSPI
2016-01-25,1893.43,KOSPI
2016-01-26,1871.69,KOSPI
2016-01-27,1897.87,KOSPI
2016-01-28,1906.94,KOSPI
2016-01-29,1912.06,KOSPI
2016-02-01,1924.82,KOSPI
2016-02-02,1906.6,KOSPI
2016-02-03,1890.67,KOSPI
2016-02-04,1916.26,KOSPI
2016-02-05,1917.79,KOSPI
2016-02-11,1861.54,KOSPI
2016-02-12,1835.28,KOSPI
2016-02-15,1862.2,KOSPI
2016-02-16,1888.3,KOSPI
2016-02-17,1883.94,KOSPI
2016-02-18,1908.84,KOSPI
2016-02-19,1916.24,KOSPI
2016-02-22,1916.36,KOSPI
2016-02-23,1914.22,KOSPI
2016-02-24,1912.53,KOSPI
2016-02-25,1918.57,KOSPI
2016-02-26,1920.16,KOSPI
2016-02-29,1916.66,KOSPI
2016-03-02,1947.42,KOSPI
2016-03-03,1958.17,KOSPI
2016-03-04,1955.63,KOSPI
2016-03-07,1957.87,KOSPI
2016-03-08,1946.12,KOSPI
2016-03-09,1952.95,KOSPI
2016-03-10,1969.33,KOSPI
2016-03-11,1971.41,KOSPI
2016-03-14,1972.27,KOSPI
2016-03-15,1969.97,KOSPI
2016-03-16,1974.9,KOSPI
2016-03-17,1987.99,KOSPI
2016-03-18,1992.12,KOSPI
2016-03-21,1989.76,KOSPI
2016-03-22,1996.81,KOSPI
2016-03-23,1995.12,KOSPI
2016-03-24,1985.97,KOSPI
2016-03-25,1983.81,KOSPI
2016-03-28,1982.54,KOSPI
2016-03-29,1994.91,KOSPI
2016-03-30,2002.14,KOSPI
2016-03-31,1995.85,KOSPI
2016-04-01,1973.57,KOSPI
2016-04-04,1978.97,KOSPI
2016-04-05,1962.74,KOSPI
2016-04-06,1971.32,KOSPI
2016-04-07,1973.89,KOSPI
2016-04-08,1972.05,KOSPI
2016-04-11,1970.37,KOSPI
2016-04-12,1981.32,KOSPI
2016-04-14,2015.93,KOSPI
2016-04-15,2014.71,KOSPI
2016-04-18,2009.1,KOSPI
2016-04-19,2011.36,KOSPI
2016-04-20,2005.83,KOSPI
2016-04-21,2022.1,KOSPI
2016-04-22,2015.49,KOSPI
2016-04-25,2014.55,KOSPI
2016-04-26,2019.63,KOSPI
2016-04-27,2015.4,KOSPI
2016-04-28,2000.93,KOSPI
2016-04-29,1994.15,KOSPI
2016-05-02,1978.15,KOSPI
2016-05-03,1986.41,KOSPI
2016-05-04,1976.71,KOSPI
2016-05-09,1967.81,KOSPI
2016-05-10,1982.5,KOSPI
2016-05-11,1980.1,KOSPI
2016-05-12,1977.49,KOSPI
2016-05-13,1966.99,KOSPI
2016-05-16,1967.91,KOSPI
2016-05-17,1968.06,KOSPI
2016-05-18,1956.73,KOSPI
2016-05-19,1946.78,KOSPI
2016-05-20,1947.67,KOSPI
2016-05-23,1955.25,KOSPI
2016-05-24,1937.68,KOSPI
2016-05-25,1960.51,KOSPI
2016-05-26,1957.06,KOSPI
2016-05-27,1969.17,KOSPI
2016-05-30,1967.13,KOSPI
2016-05-31,1983.4,KOSPI
2016-06-01,1982.72,KOSPI
2016-06-02,1985.11,KOSPI
2016-06-03,1985.84,KOSPI
2016-06-07,2011.63,KOSPI
2016-06-08,2027.08,KOSPI
2016-06-09,2024.17,KOSPI
2016-06-10,2017.63,KOSPI
2016-06-13,1979.06,KOSPI
2016-06-14,1972.03,KOSPI
2016-06-15,1968.83,KOSPI
2016-06-16,1951.99,KOSPI
2016-06-17,1953.4,KOSPI
2016-06-20,1981.12,KOSPI
2016-06-21,1982.7,KOSPI
2016-06-22,1992.58,KOSPI
2016-06-23,1986.71,KOSPI
2016-06-24,1925.24,KOSPI
2016-06-27,1926.85,KOSPI
2016-06-28,1936.22,KOSPI
2016-06-29,1956.36,KOSPI
2016-06-30,1970.35,KOSPI
2016-07-01,1987.32,KOSPI
2016-07-04,1995.3,KOSPI
2016-07-05,1989.85,KOSPI
2016-07-06,1953.12,KOSPI
2016-07-07,1974.08,KOSPI
2016-07-08,1963.1,KOSPI
2016-07-11,1988.54,KOSPI
2016-07-12,1991.23,KOSPI
2016-07-13,2005.55,KOSPI
2016-07-14,2008.77,KOSPI
2016-07-15,2017.26,KOSPI
2016-07-18,2021.11,KOSPI
2016-07-19,2016.89,KOSPI
2016-07-20,2015.46,KOSPI
2016-07-21,2012.22,KOSPI
2016-07-22,2010.34,KOSPI
2016-07-25,2012.32,KOSPI
2016-07-26,2027.34,KOSPI
2016-07-27,2025.05,KOSPI
2016-07-28,2021.1,KOSPI
2016-07-29,2016.19,KOSPI
2016-08-01,2029.61,KOSPI
2016-08-02,2019.03,KOSPI
2016-08-03,1994.79,KOSPI
2016-08-04,2000.03,KOSPI
2016-08-05,2017.94,KOSPI
2016-08-08,2031.12,KOSPI
2016-08-09,2043.78,KOSPI
2016-08-10,2044.64,KOSPI
2016-08-11,2048.8,KOSPI
2016-08-12,2050.47,KOSPI
2016-08-16,2047.76,KOSPI
2016-08-17,2043.75,KOSPI
2016-08-18,2055.47,KOSPI
2016-08-19,2056.24,KOSPI
2016-08-22,2042.16,KOSPI
2016-08-23,2049.93,KOSPI
2016-08-24,2043.76,KOSPI
2016-08-25,2042.92,KOSPI
2016-08-26,2037.5,KOSPI
2016-08-29,2032.35,KOSPI
2016-08-30,2039.74,KOSPI
2016-08-31,2034.65,KOSPI
2016-09-01,2032.72,KOSPI
2016-09-02,2038.31,KOSPI
2016-09-05,2060.08,KOSPI
2016-09-06,2066.53,KOSPI
2016-09-07,2061.88,KOSPI
2016-09-08,2063.73,KOSPI
2016-09-09,2037.87,KOSPI
2016-09-12,1991.48,KOSPI
2016-09-13,1999.36,KOSPI
2016-09-19,2015.78,KOSPI
2016-09-20,2025.71,KOSPI
2016-09-21,2035.99,KOSPI
2016-09-22,2049.7,KOSPI
2016-09-23,2054.07,KOSPI
2016-09-26,2047.11,KOSPI
2016-09-27,2062.82,KOSPI
2016-09-28,2053.06,KOSPI
2016-09-29,2068.72,KOSPI
2016-09-30,2043.63,KOSPI
2016-10-04,2054.86,KOSPI
2016-10-05,2053.0,KOSPI
2016-10-06,2065.3,KOSPI
2016-10-07,2053.8,KOSPI
2016-10-10,2056.82,KOSPI
2016-10-11,2031.93,KOSPI
2016-10-12,2033.73,KOSPI
2016-10-13,2015.44,KOSPI
2016-10-14,2022.66,KOSPI
2016-10-17,2027.61,KOSPI
2016-10-18,2040.43,KOSPI
2016-10-19,2040.94,KOSPI
2016-10-20,2040.6,KOSPI
2016-10-21,2033.0,KOSPI
2016-10-24,2047.74,KOSPI
2016-10-25,2037.17,KOSPI
2016-10-26,2013.89,KOSPI
2016-10-27,2024.12,KOSPI
2016-10-28,2019.42,KOSPI
2016-10-31,2008.19,KOSPI
2016-11-01,2007.39,KOSPI
2016-11-02,1978.94,KOSPI
2016-11-03,1983.8,KOSPI
2016-11-04,1982.02,KOSPI
2016-11-07,1997.58,KOSPI
2016-11-08,2003.38,KOSPI
2016-11-09,1958.38,KOSPI
2016-11-10,2002.6,KOSPI
2016-11-11,1984.43,KOSPI
2016-11-14,1974.4,KOSPI
2016-11-15,1967.53,KOSPI
2016-11-16,1979.65,KOSPI
2016-11-17,1980.55,KOSPI
2016-11-18,1974.58,KOSPI
2016-11-21,1966.05,KOSPI
2016-11-22,1983.47,KOSPI
2016-11-23,1987.95,KOSPI
2016-11-24,1971.26,KOSPI
2016-11-25,1974.46,KOSPI
2016-11-28,1978.13,KOSPI
2016-11-29,1978.39,KOSPI
2016-11-30,1983.48,KOSPI
2016-12-01,1983.75,KOSPI
2016-12-02,1970.61,KOSPI
2016-12-05,1963.36,KOSPI
2016-12-06,1989.86,KOSPI
2016-12-07,1991.89,KOSPI
2016-12-08,2031.07,KOSPI
2016-12-09,2024.69,KOSPI
2016-12-12,2027.24,KOSPI
2016-12-13,2035.98,KOSPI
2016-12-14,2036.87,KOSPI
2016-12-15,2036.65,KOSPI
2016-12-16,2042.24,KOSPI
2016-12-19,2038.39,KOSPI
2016-12-20,2041.94,KOSPI
2016-12-21,2037.96,KOSPI
2016-12-22,2035.73,KOSPI
2016-12-23,2035.9,KOSPI
2016-12-26,2037.75,KOSPI
2016-12-27,2042.17,KOSPI
2016-12-28,2024.49,KOSPI
2016-12-29,2026.46,KOSPI
2017-01-02,2026.16,KOSPI
2017-01-03,2043.97,KOSPI
2017-01-04,2045.64,KOSPI
2017-01-05,2041.95,KOSPI
2017-01-06,2049.12,KOSPI
2017-01-09,2048.78,KOSPI
2017-01-10,2045.12,KOSPI
2017-01-11,2075.17,KOSPI
2017-01-12,2087.14,KOSPI
2017-01-13,2076.79,KOSPI
2017-01-16,2064.17,KOSPI
2017-01-17,2071.87,KOSPI
2017-01-18,2070.54,KOSPI
2017-01-19,2072.79,KOSPI
2017-01-20,2065.61,KOSPI
2017-01-23,2065.99,KOSPI
2017-01-24,2065.76,KOSPI
2017-01-25,2066.94,KOSPI
2017-01-26,2083.59,KOSPI
2017-01-31,2067.57,KOSPI
2017-02-01,2080.48,KOSPI
2017-02-02,2071.01,KOSPI
2017-02-03,2073.16,KOSPI
2017-02-06,2077.66,KOSPI
2017-02-07,2075.21,KOSPI
2017-02-08,2065.08,KOSPI
2017-02-09,2065.88,KOSPI
2017-02-10,2075.08,KOSPI
2017-02-13,2078.65,KOSPI
2017-02-14,2074.57,KOSPI
2017-02-15,2083.86,KOSPI
2017-02-16,2081.84,KOSPI
2017-02-17,2080.58,KOSPI
2017-02-20,2084.39,KOSPI
2017-02-21,2102.93,KOSPI
2017-02-22,2106.61,KOSPI
2017-02-23,2107.63,KOSPI
2017-02-24,2094.12,KOSPI
2017-02-27,2085.52,KOSPI
2017-02-28,2091.64,KOSPI
2017-03-02,2102.65,KOSPI
2017-03-03,2078.75,KOSPI
2017-03-06,2081.36,KOSPI
2017-03-07,2094.05,KOSPI
2017-03-08,2095.41,KOSPI
2017-03-09,2091.06,KOSPI
2017-03-10,2097.35,KOSPI
2017-03-13,2117.59,KOSPI
2017-03-14,2133.78,KOSPI
2017-03-15,2133.0,KOSPI
2017-03-16,2150.08,KOSPI
2017-03-17,2164.58,KOSPI
2017-03-20,2157.01,KOSPI
2017-03-21,2178.38,KOSPI
2017-03-22,2168.3,KOSPI
2017-03-23,2172.72,KOSPI
2017-03-24,2168.95,KOSPI
2017-03-27,2155.66,KOSPI
2017-03-28,2163.31,KOSPI
2017-03-29,2166.98,KOSPI
2017-03-30,2164.64,KOSPI
2017-03-31,2160.23,KOSPI
2017-04-03,2167.51,KOSPI
2017-04-04,2161.1,KOSPI
2017-04-05,2160.85,KOSPI
2017-04-06,2152.75,KOSPI
2017-04-07,2151.73,KOSPI
2017-04-10,2133.32,KOSPI
2017-04-11,2123.85,KOSPI
2017-04-12,2128.91,KOSPI
2017-04-13,2148.61,KOSPI
2017-04-14,2134.88,KOSPI
2017-04-17,2145.76,KOSPI
2017-04-18,2148.46,KOSPI
2017-04-19,2138.4,KOSPI
2017-04-20,2149.15,KOSPI
2017-04-21,2165.04,KOSPI
2017-04-24,2173.74,KOSPI
2017-04-25,2196.85,KOSPI
2017-04-26,2207.84,KOSPI
2017-04-27,2209.46,KOSPI
2017-04-28,2205.44,KOSPI
2017-05-02,2219.67,KOSPI
2017-05-04,2241.24,KOSPI
2017-05-08,2292.76,KOSPI
2017-05-10,2270.12,KOSPI
2017-05-11,2296.37,KOSPI
2017-05-12,2286.02,KOSPI
2017-05-15,2290.65,KOSPI
2017-05-16,2295.33,KOSPI
2017-05-17,2293.08,KOSPI
2017-05-18,2286.82,KOSPI
2017-05-19,2288.48,KOSPI
2017-05-22,2304.03,KOSPI
2017-05-23,2311.74,KOSPI
2017-05-24,2317.34,KOSPI
2017-05-25,2342.93,KOSPI
2017-05-26,2355.3,KOSPI
2017-05-29,2352.97,KOSPI
2017-05-30,2343.68,KOSPI
2017-05-31,2347.38,KOSPI
2017-06-01,2344.61,KOSPI
2017-06-02,2371.72,KOSPI
2017-06-05,2368.62,KOSPI
2017-06-07,2360.14,KOSPI
2017-06-08,2363.57,KOSPI
2017-06-09,2381.69,KOSPI
2017-06-12,2357.87,KOSPI
2017-06-13,2374.7,KOSPI
2017-06-14,2372.64,KOSPI
2017-06-15,2361.65,KOSPI
2017-06-16,2361.83,KOSPI
2017-06-19,2370.9,KOSPI
2017-06-20,2369.23,KOSPI
2017-06-21,2357.53,KOSPI
2017-06-22,2370.37,KOSPI
2017-06-23,2378.6,KOSPI
2017-06-26,2388.66,KOSPI
2017-06-27,2391.95,KOSPI
2017-06-28,2382.56,KOSPI
2017-06-29,2395.66,KOSPI
2017-06-30,2391.79,KOSPI
2017-07-03,2394.48,KOSPI
2017-07-04,2380.52,KOSPI
2017-07-05,2388.35,KOSPI
2017-07-06,2387.81,KOSPI
2017-07-07,2379.87,KOSPI
2017-07-10,2382.1,KOSPI
2017-07-11,2396.0,KOSPI
2017-07-12,2391.77,KOSPI
2017-07-13,2409.49,KOSPI
2017-07-14,2414.63,KOSPI
2017-07-17,2425.1,KOSPI
2017-07-18,2426.04,KOSPI
2017-07-19,2429.94,KOSPI
2017-07-20,2441.84,KOSPI
2017-07-21,2450.06,KOSPI
2017-07-24,2451.53,KOSPI
2017-07-25,2439.9,KOSPI
2017-07-26,2434.51,KOSPI
2017-07-27,2443.24,KOSPI
2017-07-28,2400.99,KOSPI
2017-07-31,2402.71,KOSPI
2017-08-01,2422.96,KOSPI
2017-08-02,2427.63,KOSPI
2017-08-03,2386.85,KOSPI
2017-08-04,2395.45,KOSPI
2017-08-07,2398.75,KOSPI
2017-08-08,2394.73,KOSPI
2017-08-09,2368.39,KOSPI
2017-08-10,2359.47,KOSPI
2017-08-11,2319.71,KOSPI
2017-08-14,2334.22,KOSPI
2017-08-16,2348.26,KOSPI
2017-08-17,2361.67,KOSPI
2017-08-18,2358.37,KOSPI
2017-08-21,2355.0,KOSPI
2017-08-22,2365.33,KOSPI
2017-08-23,2366.4,KOSPI
2017-08-24,2375.84,KOSPI
2017-08-25,2378.51,KOSPI
2017-08-28,2370.3,KOSPI
2017-08-29,2364.74,KOSPI
2017-08-30,2372.29,KOSPI
2017-08-31,2363.19,KOSPI
2017-09-01,2357.69,KOSPI
2017-09-04,2329.65,KOSPI
2017-09-05,2326.62,KOSPI
2017-09-06,2319.82,KOSPI
2017-09-07,2346.19,KOSPI
2017-09-08,2343.72,KOSPI
2017-09-11,2359.08,KOSPI
2017-09-12,2365.47,KOSPI
2017-09-13,2360.18,KOSPI
2017-09-14,2377.66,KOSPI
2017-09-15,2386.07,KOSPI
2017-09-18,2418.21,KOSPI
2017-09-19,2416.05,KOSPI
2017-09-20,2412.2,KOSPI
2017-09-21,2406.5,KOSPI
2017-09-22,2388.71,KOSPI
2017-09-25,2380.4,KOSPI
2017-09-26,2374.32,KOSPI
2017-09-27,2372.57,KOSPI
2017-09-28,2373.14,KOSPI
2017-09-29,2394.47,KOSPI
2017-10-10,2433.81,KOSPI
2017-10-11,2458.16,KOSPI
2017-10-12,2474.76,KOSPI
2017-10-13,2473.62,KOSPI
2017-10-16,2480.05,KOSPI
2017-10-17,2484.37,KOSPI
2017-10-18,2482.91,KOSPI
2017-10-19,2473.06,KOSPI
2017-10-20,2489.54,KOSPI
2017-10-23,2490.05,KOSPI
2017-10-24,2490.49,KOSPI
2017-10-25,2492.5,KOSPI
2017-10-26,2480.63,KOSPI
2017-10-27,2496.63,KOSPI
2017-10-30,2501.93,KOSPI
2017-10-31,2523.43,KOSPI
2017-11-01,2556.47,KOSPI
2017-11-02,2546.36,KOSPI
2017-11-03,2557.97,KOSPI
2017-11-06,2549.41,KOSPI
2017-11-07,2545.44,KOSPI
2017-11-08,2552.4,KOSPI
2017-11-09,2550.57,KOSPI
2017-11-10,2542.95,KOSPI
2017-11-13,2530.35,KOSPI
2017-11-14,2526.64,KOSPI
2017-11-15,2518.25,KOSPI
2017-11-16,2534.79,KOSPI
2017-11-17,2533.99,KOSPI
2017-11-20,2527.67,KOSPI
2017-11-21,2530.7,KOSPI
2017-11-22,2540.51,KOSPI
2017-11-23,2537.15,KOSPI
2017-11-24,2544.33,KOSPI
2017-11-27,2507.81,KOSPI
2017-11-28,2514.19,KOSPI
2017-11-29,2512.9,KOSPI
2017-11-30,2476.37,KOSPI
2017-12-01,2475.41,KOSPI
2017-12-04,2501.67,KOSPI
2017-12-05,2510.12,KOSPI
2017-12-06,2474.37,KOSPI
2017-12-07,2461.98,KOSPI
2017-12-08,2464.0,KOSPI
2017-12-11,2471.49,KOSPI
2017-12-12,2461.0,KOSPI
2017-12-13,2480.55,KOSPI
2017-12-14,2469.48,KOSPI
2017-12-15,2482.07,KOSPI
2017-12-18,2481.88,KOSPI
2017-12-19,2478.53,KOSPI
2017-12-20,2472.37,KOSPI
2017-12-21,2429.83,KOSPI
2017-12-22,2440.54,KOSPI
2017-12-26,2427.34,KOSPI
2017-12-27,2436.67,KOSPI
2017-12-28,2467.49,KOSPI
2018-01-02,2479.65,KOSPI
2018-01-03,2486.35,KOSPI
2018-01-04,2466.46,KOSPI
2018-01-05,2497.52,KOSPI
2018-01-08,2513.28,KOSPI
2018-01-09,2510.23,KOSPI
2018-01-10,2499.75,KOSPI
2018-01-11,2487.91,KOSPI
2018-01-12,2496.42,KOSPI
2018-01-15,2503.73,KOSPI
2018-01-16,2521.74,KOSPI
2018-01-17,2515.43,KOSPI
2018-01-18,2515.81,KOSPI
2018-01-19,2520.26,KOSPI
2018-01-22,2502.11,KOSPI
2018-01-23,2536.6,KOSPI
2018-01-24,2538.0,KOSPI
2018-01-25,2562.23,KOSPI
2018-01-26,2574.76,KOSPI
2018-01-29,2598.19,KOSPI
2018-01-30,2567.74,KOSPI
2018-01-31,2566.46,KOSPI
2018-02-01,2568.54,KOSPI
2018-02-02,2525.39,KOSPI
2018-02-05,2491.75,KOSPI
2018-02-06,2453.31,KOSPI
2018-02-07,2396.56,KOSPI
2018-02-08,2407.62,KOSPI
2018-02-09,2363.77,KOSPI
2018-02-12,2385.38,KOSPI
2018-02-13,2395.19,KOSPI
2018-02-14,2421.83,KOSPI
2018-02-19,2442.82,KOSPI
2018-02-20,2415.12,KOSPI
2018-02-21,2429.65,KOSPI
2018-02-22,2414.28,KOSPI
2018-02-23,2451.52,KOSPI
2018-02-26,2457.65,KOSPI
2018-02-27,2456.14,KOSPI
2018-02-28,2427.36,KOSPI
2018-03-02,2402.16,KOSPI
2018-03-05,2375.06,KOSPI
2018-03-06,2411.41,KOSPI
2018-03-07,2401.82,KOSPI
2018-03-08,2433.08,KOSPI
2018-03-09,2459.45,KOSPI
2018-03-12,2484.12,KOSPI
2018-03-13,2494.49,KOSPI
2018-03-14,2486.08,KOSPI
2018-03-15,2492.38,KOSPI
2018-03-16,2493.97,KOSPI
2018-03-19,2475.03,KOSPI
2018-03-20,2485.52,KOSPI
2018-03-21,2484.97,KOSPI
2018-03-22,2496.02,KOSPI
2018-03-23,2416.76,KOSPI
2018-03-26,2437.08,KOSPI
2018-03-27,2452.06,KOSPI
2018-03-28,2419.29,KOSPI
2018-03-29,2436.37,KOSPI
2018-03-30,2445.85,KOSPI
2018-04-02,2444.16,KOSPI
2018-04-03,2442.43,KOSPI
2018-04-04,2408.06,KOSPI
2018-04-05,2437.52,KOSPI
2018-04-06,2429.58,KOSPI
2018-04-09,2444.08,KOSPI
2018-04-10,2450.74,KOSPI
2018-04-11,2444.22,KOSPI
2018-04-12,2442.71,KOSPI
2018-04-13,2455.07,KOSPI
2018-04-16,2457.49,KOSPI
2018-04-17,2453.77,KOSPI
2018-04-18,2479.98,KOSPI
2018-04-19,2486.1,KOSPI
2018-04-20,2476.33,KOSPI
2018-04-23,2474.11,KOSPI
2018-04-24,2464.14,KOSPI
2018-04-25,2448.81,KOSPI
2018-04-26,2475.64,KOSPI
2018-04-27,2492.4,KOSPI
2018-04-30,2515.38,KOSPI
2018-05-02,2505.61,KOSPI
2018-05-03,2487.25,KOSPI
2018-05-04,2461.38,KOSPI
2018-05-08,2449.81,KOSPI
2018-05-09,2443.98,KOSPI
2018-05-10,2464.16,KOSPI
2018-05-11,2477.71,KOSPI
2018-05-14,2476.11,KOSPI
2018-05-15,2458.54,KOSPI
2018-05-16,2459.82,KOSPI
2018-05-17,2448.45,KOSPI
2018-05-18,2460.65,KOSPI
2018-05-21,2465.57,KOSPI
2018-05-23,2471.91,KOSPI
2018-05-24,2466.01,KOSPI
2018-05-25,2460.8,KOSPI
2018-05-28,2478.96,KOSPI
2018-05-29,2457.25,KOSPI
2018-05-30,2409.03,KOSPI
2018-05-31,2423.01,KOSPI
2018-06-01,2438.96,KOSPI
2018-06-04,2447.76,KOSPI
2018-06-05,2453.76,KOSPI
2018-06-07,2470.58,KOSPI
2018-06-08,2451.58,KOSPI
2018-06-11,2470.15,KOSPI
2018-06-12,2468.83,KOSPI
2018-06-14,2423.48,KOSPI
2018-06-15,2404.04,KOSPI
2018-06-18,2376.24,KOSPI
2018-06-19,2340.11,KOSPI
2018-06-20,2363.91,KOSPI
2018-06-21,2337.83,KOSPI
2018-06-22,2357.22,KOSPI
2018-06-25,2357.88,KOSPI
2018-06-26,2350.92,KOSPI
2018-06-27,2342.03,KOSPI
2018-06-28,2314.24,KOSPI
2018-06-29,2326.13,KOSPI
2018-07-02,2271.54,KOSPI
2018-07-03,2272.76,KOSPI
2018-07-04,2265.46,KOSPI
2018-07-05,2257.55,KOSPI
2018-07-06,2272.87,KOSPI
2018-07-09,2285.8,KOSPI
2018-07-10,2294.16,KOSPI
2018-07-11,2280.62,KOSPI
2018-07-12,2285.06,KOSPI
2018-07-13,2310.9,KOSPI
2018-07-16,2301.99,KOSPI
2018-07-17,2297.92,KOSPI
2018-07-18,2290.11,KOSPI
2018-07-19,2282.29,KOSPI
2018-07-20,2289.19,KOSPI
2018-07-23,2269.31,KOSPI
2018-07-24,2280.2,KOSPI
2018-07-25,2273.03,KOSPI
2018-07-26,2289.06,KOSPI
2018-07-27,2294.99,KOSPI
2018-07-30,2293.51,KOSPI
2018-07-31,2295.26,KOSPI
2018-08-01,2307.07,KOSPI
2018-08-02,2270.2,KOSPI
2018-08-03,2287.68,KOSPI
2018-08-06,2286.5,KOSPI
2018-08-07,2300.16,KOSPI
2018-08-08,2301.45,KOSPI
2018-08-09,2303.71,KOSPI
2018-08-10,2282.79,KOSPI
2018-08-13,2248.45,KOSPI
2018-08-14,2258.91,KOSPI
2018-08-16,2240.8,KOSPI
2018-08-17,2247.05,KOSPI
2018-08-20,2247.88,KOSPI
2018-08-21,2270.06,KOSPI
2018-08-22,2273.33,KOSPI
2018-08-23,2282.6,KOSPI
2018-08-24,2293.21,KOSPI
2018-08-27,2299.3,KOSPI
2018-08-28,2303.12,KOSPI
2018-08-29,2309.03,KOSPI
2018-08-30,2307.35,KOSPI
2018-08-31,2322.88,KOSPI
2018-09-03,2307.03,KOSPI
2018-09-04,2315.72,KOSPI
2018-09-05,2291.77,KOSPI
2018-09-06,2287.61,KOSPI
2018-09-07,2281.58,KOSPI
2018-09-10,2288.66,KOSPI
2018-09-11,2283.2,KOSPI
2018-09-12,2282.92,KOSPI
2018-09-13,2286.23,KOSPI
2018-09-14,2318.25,KOSPI
2018-09-17,2303.01,KOSPI
2018-09-18,2308.98,KOSPI
2018-09-19,2308.46,KOSPI
2018-09-20,2323.45,KOSPI
2018-09-21,2339.17,KOSPI
2018-09-27,2355.43,KOSPI
2018-09-28,2343.07,KOSPI
2018-10-01,2338.88,KOSPI
2018-10-02,2309.57,KOSPI
2018-10-04,2274.49,KOSPI
2018-10-05,2267.52,KOSPI
2018-10-08,2253.83,KOSPI
2018-10-10,2228.61,KOSPI
2018-10-11,2129.67,KOSPI
2018-10-12,2161.85,KOSPI
2018-10-15,2145.12,KOSPI
2018-10-16,2145.12,KOSPI
2018-10-17,2167.51,KOSPI
2018-10-18,2148.31,KOSPI
2018-10-19,2156.26,KOSPI
2018-10-22,2161.71,KOSPI
2018-10-23,2106.1,KOSPI
2018-10-24,2097.58,KOSPI
2018-10-25,2063.3,KOSPI
2018-10-26,2027.15,KOSPI
2018-10-29,1996.05,KOSPI
2018-10-30,2014.69,KOSPI
2018-10-31,2029.69,KOSPI
2018-11-01,2024.46,KOSPI
2018-11-02,2096.0,KOSPI
2018-11-05,2076.92,KOSPI
2018-11-06,2089.62,KOSPI
2018-11-07,2078.69,KOSPI
2018-11-08,2092.63,KOSPI
2018-11-09,2086.09,KOSPI
2018-11-12,2080.44,KOSPI
2018-11-13,2071.23,KOSPI
2018-11-14,2068.05,KOSPI
2018-11-15,2088.06,KOSPI
2018-11-16,2092.4,KOSPI
2018-11-19,2100.56,KOSPI
2018-11-20,2082.58,KOSPI
2018-11-21,2076.55,KOSPI
2018-11-22,2069.95,KOSPI
2018-11-23,2057.48,KOSPI
2018-11-26,2083.02,KOSPI
2018-11-27,2099.42,KOSPI
2018-11-28,2108.22,KOSPI
2018-11-29,2114.1,KOSPI
2018-11-30,2096.86,KOSPI
2018-12-03,2131.93,KOSPI
2018-12-04,2114.35,KOSPI
2018-12-05,2101.31,KOSPI
2018-12-06,2068.69,KOSPI
2018-12-07,2075.76,KOSPI
2018-12-10,2053.79,KOSPI
2018-12-11,2052.97,KOSPI
2018-12-12,2082.57,KOSPI
2018-12-13,2095.55,KOSPI
2018-12-14,2069.38,KOSPI
2018-12-17,2071.09,KOSPI
2018-12-18,2062.11,KOSPI
2018-12-19,2078.84,KOSPI
2018-12-20,2060.12,KOSPI
2018-12-21,2061.49,KOSPI
2018-12-24,2055.01,KOSPI
2018-12-26,2028.01,KOSPI
2018-12-27,2028.44,KOSPI
2018-12-28,2041.04,KOSPI
2019-01-02,2010.0,KOSPI
2019-01-03,1993.7,KOSPI
2019-01-04,2010.25,KOSPI
2019-01-07,2037.1,KOSPI
2019-01-08,2025.27,KOSPI
2019-01-09,2064.71,KOSPI
2019-01-10,2063.28,KOSPI
2019-01-11,2075.57,KOSPI
2019-01-14,2064.52,KOSPI
2019-01-15,2097.18,KOSPI
2019-01-16,2106.1,KOSPI
2019-01-17,2107.06,KOSPI
2019-01-18,2124.28,KOSPI
2019-01-21,2124.61,KOSPI
2019-01-22,2117.77,KOSPI
2019-01-23,2127.78,KOSPI
2019-01-24,2145.03,KOSPI
2019-01-25,2177.73,KOSPI
2019-01-28,2177.3,KOSPI
2019-01-29,2183.36,KOSPI
2019-01-30,2206.2,KOSPI
2019-01-31,2204.85,KOSPI
2019-02-01,2203.46,KOSPI
2019-02-07,2203.42,KOSPI
2019-02-08,2177.05,KOSPI
2019-02-11,2180.73,KOSPI
2019-02-12,2190.47,KOSPI
2019-02-13,2201.48,KOSPI
2019-02-14,2225.85,KOSPI
2019-02-15,2196.09,KOSPI
2019-02-18,2210.89,KOSPI
2019-02-19,2205.63,KOSPI
2019-02-20,2229.76,KOSPI
2019-02-21,2228.66,KOSPI
2019-02-22,2230.5,KOSPI
2019-02-25,2232.56,KOSPI
2019-02-26,2226.6,KOSPI
2019-02-27,2234.79,KOSPI
2019-02-28,2195.44,KOSPI
2019-03-04,2190.66,KOSPI
2019-03-05,2179.23,KOSPI
2019-03-06,2175.6,KOSPI
2019-03-07,2165.79,KOSPI
2019-03-08,2137.44,KOSPI
2019-03-11,2138.1,KOSPI
2019-03-12,2157.18,KOSPI
2019-03-13,2148.41,KOSPI
2019-03-14,2155.68,KOSPI
2019-03-15,2176.11,KOSPI
2019-03-18,2179.49,KOSPI
2019-03-19,2177.62,KOSPI
2019-03-20,2177.1,KOSPI
2019-03-21,2184.88,KOSPI
2019-03-22,2186.95,KOSPI
2019-03-25,2144.86,KOSPI
2019-03-26,2148.8,KOSPI
2019-03-27,2145.62,KOSPI
2019-03-28,2128.1,KOSPI
2019-03-29,2140.67,KOSPI
2019-04-01,2168.28,KOSPI
2019-04-02,2177.18,KOSPI
2019-04-03,2203.27,KOSPI
2019-04-04,2206.53,KOSPI
2019-04-05,2209.61,KOSPI
2019-04-08,2210.6,KOSPI
2019-04-09,2213.56,KOSPI
2019-04-10,2224.39,KOSPI
2019-04-11,2224.44,KOSPI
2019-04-12,2233.45,KOSPI
2019-04-15,2242.88,KOSPI
2019-04-16,2248.63,KOSPI
2019-04-17,2245.89,KOSPI
2019-04-18,2213.77,KOSPI
2019-04-19,2216.15,KOSPI
2019-04-22,2216.65,KOSPI
2019-04-23,2220.51,KOSPI
2019-04-24,2201.03,KOSPI
2019-04-25,2190.5,KOSPI
2019-04-26,2179.31,KOSPI
2019-04-29,2216.43,KOSPI
2019-04-30,2203.59,KOSPI
2019-05-02,2212.75,KOSPI
2019-05-03,2196.32,KOSPI
2019-05-07,2176.99,KOSPI
2019-05-08,2168.01,KOSPI
2019-05-09,2102.01,KOSPI
2019-05-10,2108.04,KOSPI
2019-05-13,2079.01,KOSPI
2019-05-14,2081.84,KOSPI
2019-05-15,2092.78,KOSPI
2019-05-16,2067.69,KOSPI
2019-05-17,2055.8,KOSPI
2019-05-20,2055.71,KOSPI
2019-05-21,2061.25,KOSPI
2019-05-22,2064.86,KOSPI
2019-05-23,2059.59,KOSPI
2019-05-24,2045.31,KOSPI
2019-05-27,2044.21,KOSPI
2019-05-28,2048.83,KOSPI
2019-05-29,2023.32,KOSPI
2019-05-30,2038.8,KOSPI
2019-05-31,2041.74,KOSPI
2019-06-03,2067.85,KOSPI
2019-06-04,2066.97,KOSPI
2019-06-05,2069.11,KOSPI
2019-06-07,2072.33,KOSPI
2019-06-10,2099.49,KOSPI
2019-06-11,2111.81,KOSPI
2019-06-12,2108.75,KOSPI
2019-06-13,2103.15,KOSPI
2019-06-14,2095.41,KOSPI
2019-06-17,2090.73,KOSPI
2019-06-18,2098.71,KOSPI
2019-06-19,2124.78,KOSPI
2019-06-20,2131.29,KOSPI
2019-06-21,2125.62,KOSPI
2019-06-24,2126.33,KOSPI
2019-06-25,2121.64,KOSPI
2019-06-26,2121.85,KOSPI
2019-06-27,2134.32,KOSPI
2019-06-28,2130.62,KOSPI
2019-07-01,2129.74,KOSPI
2019-07-02,2122.02,KOSPI
2019-07-03,2096.02,KOSPI
2019-07-04,2108.73,KOSPI
2019-07-05,2110.59,KOSPI
2019-07-08,2064.17,KOSPI
2019-07-09,2052.03,KOSPI
2019-07-10,2058.78,KOSPI
2019-07-11,2080.58,KOSPI
2019-07-12,2086.66,KOSPI
2019-07-15,2082.48,KOSPI
2019-07-16,2091.87,KOSPI
2019-07-17,2072.92,KOSPI
2019-07-18,2066.55,KOSPI
2019-07-19,2094.36,KOSPI
2019-07-22,2093.34,KOSPI
2019-07-23,2101.45,KOSPI
2019-07-24,2082.3,KOSPI
2019-07-25,2074.48,KOSPI
2019-07-26,2066.26,KOSPI
2019-07-29,2029.48,KOSPI
2019-07-30,2038.68,KOSPI
2019-07-31,2024.55,KOSPI
2019-08-01,2017.34,KOSPI
2019-08-02,1998.13,KOSPI
2019-08-05,1946.98,KOSPI
2019-08-06,1917.5,KOSPI
2019-08-07,1909.71,KOSPI
2019-08-08,1920.61,KOSPI
2019-08-09,1937.75,KOSPI
2019-08-12,1942.29,KOSPI
2019-08-13,1925.83,KOSPI
2019-08-14,1938.37,KOSPI
2019-08-16,1927.17,KOSPI
2019-08-19,1939.9,KOSPI
2019-08-20,1960.25,KOSPI
2019-08-21,1964.65,KOSPI
2019-08-22,1951.01,KOSPI
2019-08-23,1948.3,KOSPI
2019-08-26,1916.31,KOSPI
2019-08-27,1924.6,KOSPI
2019-08-28,1941.09,KOSPI
2019-08-29,1933.41,KOSPI
2019-08-30,1967.79,KOSPI
2019-09-02,1969.19,KOSPI
2019-09-03,1965.69,KOSPI
2019-09-04,1988.53,KOSPI
2019-09-05,2004.75,KOSPI
2019-09-06,2009.13,KOSPI
2019-09-09,2019.55,KOSPI
2019-09-10,2032.08,KOSPI
2019-09-11,2049.2,KOSPI
2019-09-16,2062.22,KOSPI
2019-09-17,2062.33,KOSPI
2019-09-18,2070.73,KOSPI
2019-09-19,2080.35,KOSPI
2019-09-20,2091.52,KOSPI
2019-09-23,2091.7,KOSPI
2019-09-24,2101.04,KOSPI
2019-09-25,2073.39,KOSPI
2019-09-26,2074.52,KOSPI
2019-09-27,2049.93,KOSPI
2019-09-30,2063.05,KOSPI
2019-10-01,2072.42,KOSPI
2019-10-02,2031.91,KOSPI
2019-10-04,2020.69,KOSPI
2019-10-07,2021.73,KOSPI
2019-10-08,2046.25,KOSPI
2019-10-10,2028.15,KOSPI
2019-10-11,2044.61,KOSPI
2019-10-14,2067.4,KOSPI
2019-10-15,2068.17,KOSPI
2019-10-16,2082.83,KOSPI
2019-10-17,2077.94,KOSPI
2019-10-18,2060.69,KOSPI
2019-10-21,2064.84,KOSPI
2019-10-22,2088.86,KOSPI
2019-10-23,2080.62,KOSPI
2019-10-24,2085.66,KOSPI
2019-10-25,2087.89,KOSPI
2019-10-28,2093.6,KOSPI
2019-10-29,2092.69,KOSPI
2019-10-30,2080.27,KOSPI
2019-10-31,2083.48,KOSPI
2019-11-01,2100.2,KOSPI
2019-11-04,2130.24,KOSPI
2019-11-05,2142.64,KOSPI
2019-11-06,2144.15,KOSPI
2019-11-07,2144.29,KOSPI
2019-11-08,2137.23,KOSPI
2019-11-11,2124.09,KOSPI
2019-11-12,2140.92,KOSPI
2019-11-13,2122.45,KOSPI
2019-11-14,2139.23,KOSPI
2019-11-15,2162.18,KOSPI
2019-11-18,2160.69,KOSPI
2019-11-19,2153.24,KOSPI
2019-11-20,2125.32,KOSPI
2019-11-21,2096.6,KOSPI
2019-11-22,2101.96,KOSPI
2019-11-25,2123.5,KOSPI
2019-11-26,2121.35,KOSPI
2019-11-27,2127.85,KOSPI
2019-11-28,2118.6,KOSPI
2019-11-29,2087.96,KOSPI
2019-12-02,2091.92,KOSPI
2019-12-03,2084.07,KOSPI
2019-12-04,2068.89,KOSPI
2019-12-05,2060.74,KOSPI
2019-12-06,2081.85,KOSPI
2019-12-09,2088.65,KOSPI
2019-12-10,2098.0,KOSPI
2019-12-11,2105.62,KOSPI
2019-12-12,2137.35,KOSPI
2019-12-13,2170.25,KOSPI
2019-12-16,2168.15,KOSPI
2019-12-17,2195.68,KOSPI
2019-12-18,2194.76,KOSPI
2019-12-19,2196.56,KOSPI
2019-12-20,2204.18,KOSPI
2019-12-23,2203.71,KOSPI
2019-12-24,2190.08,KOSPI
2019-12-26,2197.93,KOSPI
2019-12-27,2204.21,KOSPI
2019-12-30,2197.67,KOSPI
2020-01-02,2175.17,KOSPI
2020-01-03,2176.46,KOSPI
2020-01-06,2155.07,KOSPI
2020-01-07,2175.54,KOSPI
2020-01-08,2151.31,KOSPI
2020-01-09,2186.45,KOSPI
2020-01-10,2206.39,KOSPI
2020-01-13,2229.26,KOSPI
2020-01-14,2238.88,KOSPI
2020-01-15,2230.98,KOSPI
2020-01-16,2248.05,KOSPI
2020-01-17,2250.57,KOSPI
2020-01-20,2262.64,KOSPI
2020-01-21,2239.69,KOSPI
2020-01-22,2267.25,KOSPI
2020-01-23,2246.13,KOSPI
2020-01-28,2176.72,KOSPI
2020-01-29,2185.28,KOSPI
2020-01-30,2148.0,KOSPI
2020-01-31,2119.01,KOSPI
2020-02-03,2118.88,KOSPI
2020-02-04,2157.9,KOSPI
2020-02-05,2165.63,KOSPI
2020-02-06,2227.94,KOSPI
2020-02-07,2211.95,KOSPI
2020-02-10,2201.07,KOSPI
2020-02-11,2223.12,KOSPI
2020-02-12,2238.38,KOSPI
2020-02-13,2232.96,KOSPI
2020-02-14,2243.59,KOSPI
2020-02-17,2242.17,KOSPI
2020-02-18,2208.88,KOSPI
2020-02-19,2210.34,KOSPI
2020-02-20,2195.5,KOSPI
2020-02-21,2162.84,KOSPI
2020-02-24,2079.04,KOSPI
2020-02-25,2103.61,KOSPI
2020-02-26,2076.77,KOSPI
2020-02-27,2054.89,KOSPI
2020-02-28,1987.01,KOSPI
2020-03-02,2002.51,KOSPI
2020-03-03,2014.15,KOSPI
2020-03-04,2059.33,KOSPI
2020-03-05,2085.26,KOSPI
2020-03-06,2040.22,KOSPI
2020-03-09,1954.77,KOSPI
2020-03-10,1962.93,KOSPI
2020-03-11,1908.27,KOSPI
2020-03-12,1834.33,KOSPI
2020-03-13,1771.44,KOSPI
2020-03-16,1714.86,KOSPI
2020-03-17,1672.44,KOSPI
2020-03-18,1591.2,KOSPI
2020-03-19,1457.64,KOSPI
2020-03-20,1566.15,KOSPI
2020-03-23,1482.46,KOSPI
2020-03-24,1609.97,KOSPI
2020-03-25,1704.76,KOSPI
2020-03-26,1686.24,KOSPI
2020-03-27,1717.73,KOSPI
2020-03-30,1717.12,KOSPI
2020-03-31,1754.64,KOSPI
2020-04-01,1685.46,KOSPI
2020-04-02,1724.86,KOSPI
2020-04-03,1725.44,KOSPI
2020-04-06,1791.88,KOSPI
2020-04-07,1823.6,KOSPI
2020-04-08,1807.14,KOSPI
2020-04-09,1836.21,KOSPI
2020-04-10,1860.7,KOSPI
2020-04-13,1825.76,KOSPI
2020-04-14,1857.08,KOSPI
2020-04-16,1857.07,KOSPI
2020-04-17,1914.53,KOSPI
2020-04-20,1898.36,KOSPI
2020-04-21,1879.38,KOSPI
2020-04-22,1896.15,KOSPI
2020-04-23,1914.73,KOSPI
2020-04-24,1889.01,KOSPI
2020-04-27,1922.77,KOSPI
2020-04-28,1934.09,KOSPI
2020-04-29,1947.56,KOSPI
2020-05-04,1895.37,KOSPI
2020-05-06,1928.76,KOSPI
2020-05-07,1928.61,KOSPI
2020-05-08,1945.82,KOSPI
2020-05-11,1935.4,KOSPI
2020-05-12,1922.17,KOSPI
2020-05-13,1940.42,KOSPI
2020-05-14,1924.96,KOSPI
2020-05-15,1927.28,KOSPI
2020-05-18,1937.11,KOSPI
2020-05-19,1980.61,KOSPI
2020-05-20,1989.64,KOSPI
2020-05-21,1998.31,KOSPI
2020-05-22,1970.13,KOSPI
2020-05-25,1994.6,KOSPI
2020-05-26,2029.78,KOSPI
2020-05-27,2031.2,KOSPI
2020-05-28,2028.54,KOSPI
2020-05-29,2029.6,KOSPI
2020-06-01,2065.08,KOSPI
2020-06-02,2087.19,KOSPI
2020-06-03,2147.0,KOSPI
2020-06-04,2151.18,KOSPI
2020-06-05,2181.87,KOSPI
2020-06-08,2184.29,KOSPI
2020-06-09,2188.92,KOSPI
2020-06-10,2195.69,KOSPI
2020-06-11,2176.78,KOSPI
2020-06-12,2132.3,KOSPI
2020-06-15,2030.82,KOSPI
2020-06-16,2138.05,KOSPI
2020-06-17,2141.05,KOSPI
2020-06-18,2133.48,KOSPI
2020-06-19,2141.32,KOSPI
2020-06-22,2126.73,KOSPI
2020-06-23,2131.24,KOSPI
2020-06-24,2161.51,KOSPI
2020-06-25,2112.37,KOSPI
2020-06-26,2134.65,KOSPI
2020-06-29,2093.48,KOSPI
2020-06-30,2108.33,KOSPI
2020-07-01,2106.7,KOSPI
2020-07-02,2135.37,KOSPI
2020-07-03,2152.41,KOSPI
2020-07-06,2187.93,KOSPI
2020-07-07,2164.17,KOSPI
2020-07-08,2158.88,KOSPI
2020-07-09,2167.9,KOSPI
2020-07-10,2150.25,KOSPI
2020-07-13,2186.06,KOSPI
2020-07-14,2183.61,KOSPI
2020-07-15,2201.88,KOSPI
2020-07-16,2183.76,KOSPI
2020-07-17,2201.19,KOSPI
2020-07-20,2198.2,KOSPI
2020-07-21,2228.83,KOSPI
2020-07-22,2228.66,KOSPI
2020-07-23,2216.19,KOSPI
2020-07-24,2200.44,KOSPI
2020-07-27,2217.86,KOSPI
2020-07-28,2256.99,KOSPI
2020-07-29,2263.16,KOSPI
2020-07-30,2267.01,KOSPI
2020-07-31,2249.37,KOSPI
2020-08-03,2251.04,KOSPI
2020-08-04,2279.97,KOSPI
2020-08-05,2311.86,KOSPI
2020-08-06,2342.61,KOSPI
2020-08-07,2351.67,KOSPI
2020-08-10,2386.38,KOSPI
2020-08-11,2418.67,KOSPI
2020-08-12,2432.35,KOSPI
2020-08-13,2437.53,KOSPI
2020-08-14,2407.49,KOSPI
2020-08-18,2348.24,KOSPI
2020-08-19,2360.54,KOSPI
2020-08-20,2274.22,KOSPI
2020-08-21,2304.59,KOSPI
2020-08-24,2329.83,KOSPI
2020-08-25,2366.73,KOSPI
2020-08-26,2369.32,KOSPI
2020-08-27,2344.45,KOSPI
2020-08-28,2353.8,KOSPI
2020-08-31,2326.17,KOSPI
2020-09-01,2349.55,KOSPI
2020-09-02,2364.37,KOSPI
2020-09-03,2395.9,KOSPI
2020-09-04,2368.25,KOSPI
2020-09-07,2384.22,KOSPI
2020-09-08,2401.91,KOSPI
2020-09-09,2375.81,KOSPI
2020-09-10,2396.48,KOSPI
2020-09-11,2396.69,KOSPI
2020-09-14,2427.91,KOSPI
2020-09-15,2443.58,KOSPI
2020-09-16,2435.92,KOSPI
2020-09-17,2406.17,KOSPI
2020-09-18,2412.4,KOSPI
2020-09-21,2389.39,KOSPI
2020-09-22,2332.59,KOSPI
2020-09-23,2333.24,KOSPI
2020-09-24,2272.7,KOSPI
2020-09-25,2278.79,KOSPI
2020-09-28,2308.08,KOSPI
2020-09-29,2327.89,KOSPI
2020-10-05,2358.0,KOSPI
2020-10-06,2365.9,KOSPI
2020-10-07,2386.94,KOSPI
2020-10-08,2391.96,KOSPI
2020-10-12,2403.73,KOSPI
2020-10-13,2403.15,KOSPI
2020-10-14,2380.48,KOSPI
2020-10-15,2361.21,KOSPI
2020-10-16,2341.53,KOSPI
2020-10-19,2346.74,KOSPI
2020-10-20,2358.41,KOSPI
2020-10-21,2370.86,KOSPI
2020-10-22,2355.05,KOSPI
2020-10-23,2360.81,KOSPI
2020-10-26,2343.91,KOSPI
2020-10-27,2330.84,KOSPI
2020-10-28,2345.26,KOSPI
2020-10-29,2326.67,KOSPI
2020-10-30,2267.15,KOSPI
2020-11-02,2300.16,KOSPI
2020-11-03,2343.31,KOSPI
2020-11-04,2357.32,KOSPI
2020-11-05,2413.79,KOSPI
2020-11-06,2416.5,KOSPI
2020-11-09,2447.2,KOSPI
2020-11-10,2452.83,KOSPI
2020-11-11,2485.87,KOSPI
2020-11-12,2475.62,KOSPI
2020-11-13,2493.87,KOSPI
2020-11-16,2543.03,KOSPI
2020-11-17,2539.15,KOSPI
2020-11-18,2545.64,KOSPI
2020-11-19,2547.42,KOSPI
2020-11-20,2553.5,KOSPI
2020-11-23,2602.59,KOSPI
2020-11-24,2617.76,KOSPI
2020-11-25,2601.54,KOSPI
2020-11-26,2625.91,KOSPI
2020-11-27,2633.45,KOSPI
2020-11-30,2591.34,KOSPI
2020-12-01,2634.25,KOSPI
2020-12-02,2675.9,KOSPI
2020-12-03,2696.22,KOSPI
2020-12-04,2731.45,KOSPI
2020-12-07,2745.44,KOSPI
2020-12-08,2700.93,KOSPI
2020-12-09,2755.47,KOSPI
2020-12-10,2746.46,KOSPI
2020-12-11,2770.06,KOSPI
2020-12-14,2762.2,KOSPI
2020-12-15,2756.82,KOSPI
2020-12-16,2771.79,KOSPI
2020-12-17,2770.43,KOSPI
2020-12-18,2772.18,KOSPI
2020-12-21,2778.65,KOSPI
2020-12-22,2733.68,KOSPI
2020-12-23,2759.82,KOSPI
2020-12-24,2806.86,KOSPI
2020-12-28,2808.6,KOSPI
2020-12-29,2820.51,KOSPI
2020-12-30,2873.47,KOSPI
2021-01-04,2944.45,KOSPI
2021-01-05,2990.57,KOSPI
2021-01-06,2968.21,KOSPI
2021-01-07,3031.68,KOSPI
2021-01-08,3152.18,KOSPI
2021-01-11,3148.45,KOSPI
2021-01-12,3125.95,KOSPI
2021-01-13,3148.29,KOSPI
2021-01-14,3149.93,KOSPI
2021-01-15,3085.9,KOSPI
2021-01-18,3013.93,KOSPI
2021-01-19,3092.66,KOSPI
2021-01-20,3114.55,KOSPI
2021-01-21,3160.84,KOSPI
2021-01-22,3140.63,KOSPI
2021-01-25,3208.99,KOSPI
2021-01-26,3140.31,KOSPI
2021-01-27,3122.56,KOSPI
2021-01-28,3069.05,KOSPI
2021-01-29,2976.21,KOSPI
2021-02-01,3056.53,KOSPI
2021-02-02,3096.81,KOSPI
2021-02-03,3129.68,KOSPI
2021-02-04,3087.55,KOSPI
2021-02-05,3120.63,KOSPI
2021-02-08,3091.24,KOSPI
2021-02-09,3084.67,KOSPI
2021-02-10,3100.58,KOSPI
2021-02-15,3147.0,KOSPI
2021-02-16,3163.25,KOSPI
2021-02-17,3133.73,KOSPI
2021-02-18,3086.66,KOSPI
2021-02-19,3107.62,KOSPI
2021-02-22,3079.75,KOSPI
2021-02-23,3070.09,KOSPI
2021-02-24,2994.98,KOSPI
2021-02-25,3099.69,KOSPI
2021-02-26,3012.95,KOSPI
2021-03-02,3043.87,KOSPI
2021-03-03,3082.99,KOSPI
2021-03-04,3043.49,KOSPI
2021-03-05,3026.26,KOSPI
2021-03-08,2996.11,KOSPI
2021-03-09,2976.12,KOSPI
2021-03-10,2958.12,KOSPI
2021-03-11,3013.7,KOSPI
2021-03-12,3054.39,KOSPI
2021-03-15,3045.71,KOSPI
2021-03-16,3067.17,KOSPI
2021-03-17,3047.5,KOSPI
2021-03-18,3066.01,KOSPI
2021-03-19,3039.53,KOSPI
2021-03-22,3035.46,KOSPI
2021-03-23,3004.74,KOSPI
2021-03-24,2996.35,KOSPI
2021-03-25,3008.33,KOSPI
2021-03-26,3041.01,KOSPI
2021-03-29,3036.04,KOSPI
2021-03-30,3070.0,KOSPI
2021-03-31,3061.42,KOSPI
2021-04-01,3087.4,KOSPI
2021-04-02,3112.8,KOSPI
2021-04-05,3120.83,KOSPI
2021-04-06,3127.08,KOSPI
2021-04-07,3137.41,KOSPI
2021-04-08,3143.26,KOSPI
2021-04-09,3131.88,KOSPI
2021-04-12,3135.59,KOSPI
2021-04-13,3169.08,KOSPI
2021-04-14,3182.38,KOSPI
2021-04-15,3194.33,KOSPI
2021-04-16,3198.62,KOSPI
2021-04-19,3198.84,KOSPI
2021-04-20,3220.7,KOSPI
2021-04-21,3171.66,KOSPI
2021-04-22,3177.52,KOSPI
2021-04-23,3186.1,KOSPI
2021-04-26,3217.53,KOSPI
2021-04-27,3215.42,KOSPI
2021-04-28,3181.47,KOSPI
2021-04-29,3174.07,KOSPI
2021-04-30,3147.86,KOSPI
2021-05-03,3127.2,KOSPI
2021-05-04,3147.37,KOSPI
2021-05-06,3178.74,KOSPI
2021-05-07,3197.2,KOSPI
2021-05-10,3249.3,KOSPI
2021-05-11,3209.43,KOSPI
2021-05-12,3161.66,KOSPI
2021-05-13,3122.11,KOSPI
2021-05-14,3153.32,KOSPI
2021-05-17,3134.52,KOSPI
2021-05-18,3173.05,KOSPI
2021-05-20,3162.28,KOSPI
2021-05-21,3156.42,KOSPI
2021-05-24,3144.3,KOSPI
2021-05-25,3171.32,KOSPI
2021-05-26,3168.43,KOSPI
2021-05-27,3165.51,KOSPI
2021-05-28,3188.73,KOSPI
2021-05-31,3203.92,KOSPI
2021-06-01,3221.87,KOSPI
2021-06-02,3224.23,KOSPI
2021-06-03,3247.43,KOSPI
2021-06-04,3240.08,KOSPI
2021-06-07,3252.12,KOSPI
2021-06-08,3247.83,KOSPI
2021-06-09,3216.18,KOSPI
2021-06-10,3224.64,KOSPI
2021-06-11,3249.32,KOSPI
2021-06-14,3252.13,KOSPI
2021-06-15,3258.63,KOSPI
2021-06-16,3278.68,KOSPI
2021-06-17,3264.96,KOSPI
2021-06-18,3267.93,KOSPI
2021-06-21,3240.79,KOSPI
2021-06-22,3263.88,KOSPI
2021-06-23,3276.19,KOSPI
2021-06-24,3286.1,KOSPI
2021-06-25,3302.84,KOSPI
2021-06-28,3301.89,KOSPI
2021-06-29,3286.68,KOSPI
2021-06-30,3296.68,KOSPI
2021-07-01,3282.06,KOSPI
2021-07-02,3281.78,KOSPI
2021-07-05,3293.21,KOSPI
2021-07-06,3305.21,KOSPI
2021-07-07,3285.34,KOSPI
2021-07-08,3252.68,KOSPI
2021-07-09,3217.95,KOSPI
2021-07-12,3246.47,KOSPI
2021-07-13,3271.38,KOSPI
2021-07-14,3264.81,KOSPI
2021-07-15,3286.22,KOSPI
2021-07-16,3276.91,KOSPI
2021-07-19,3244.04,KOSPI
2021-07-20,3232.7,KOSPI
2021-07-21,3215.91,KOSPI
2021-07-22,3250.21,KOSPI
2021-07-23,3254.42,KOSPI
2021-07-26,3224.95,KOSPI
2021-07-27,3232.53,KOSPI
2021-07-28,3236.86,KOSPI
2021-07-29,3242.65,KOSPI
2021-07-30,3202.32,KOSPI
2021-08-02,3223.04,KOSPI
2021-08-03,3237.14,KOSPI
2021-08-04,3280.38,KOSPI
2021-08-05,3276.13,KOSPI
2021-08-06,3270.36,KOSPI
2021-08-09,3260.42,KOSPI
2021-08-10,3243.19,KOSPI
2021-08-11,3220.62,KOSPI
2021-08-12,3208.38,KOSPI
2021-08-13,3171.29,KOSPI
2021-08-17,3143.09,KOSPI
2021-08-18,3158.93,KOSPI
2021-08-19,3097.83,KOSPI
2021-08-20,3060.51,KOSPI
2021-08-23,3090.21,KOSPI
2021-08-24,3138.3,KOSPI
2021-08-25,3146.81,KOSPI
2021-08-26,3128.53,KOSPI
2021-08-27,3133.9,KOSPI
2021-08-30,3144.19,KOSPI
2021-08-31,3199.27,KOSPI
2021-09-01,3207.02,KOSPI
2021-09-02,3175.85,KOSPI
2021-09-03,3201.06,KOSPI
2021-09-06,3203.33,KOSPI
2021-09-07,3187.42,KOSPI
2021-09-08,3162.99,KOSPI
2021-09-09,3114.7,KOSPI
2021-09-10,3125.76,KOSPI
2021-09-13,3127.86,KOSPI
2021-09-14,3148.83,KOSPI
2021-09-15,3153.4,KOSPI
2021-09-16,3130.09,KOSPI
2021-09-17,3140.51,KOSPI
2021-09-23,3127.58,KOSPI
2021-09-24,3125.24,KOSPI
2021-09-27,3133.64,KOSPI
2021-09-28,3097.92,KOSPI
2021-09-29,3060.27,KOSPI
2021-09-30,3068.82,KOSPI
2021-10-01,3019.18,KOSPI
2021-10-05,2962.17,KOSPI
2021-10-06,2908.31,KOSPI
2021-10-07,2959.46,KOSPI
2021-10-08,2956.3,KOSPI
2021-10-12,2916.38,KOSPI
2021-10-13,2944.41,KOSPI
2021-10-14,2988.64,KOSPI
2021-10-15,3015.06,KOSPI
2021-10-18,3006.68,KOSPI
2021-10-19,3029.04,KOSPI
2021-10-20,3013.13,KOSPI
2021-10-21,3007.33,KOSPI
2021-10-22,3006.16,KOSPI
2021-10-25,3020.54,KOSPI
2021-10-26,3049.08,KOSPI
2021-10-27,3025.49,KOSPI
2021-10-28,3009.55,KOSPI
2021-10-29,2970.68,KOSPI
2021-11-01,2978.94,KOSPI
2021-11-02,3013.49,KOSPI
2021-11-03,2975.71,KOSPI
2021-11-04,2983.22,KOSPI
2021-11-05,2969.27,KOSPI
2021-11-08,2960.2,KOSPI
2021-11-09,2962.46,KOSPI
2021-11-10,2930.17,KOSPI
2021-11-11,2924.92,KOSPI
2021-11-12,2968.8,KOSPI
2021-11-15,2999.52,KOSPI
2021-11-16,2997.21,KOSPI
2021-11-17,2962.42,KOSPI
2021-11-18,2947.38,KOSPI
2021-11-19,2971.02,KOSPI
2021-11-22,3013.25,KOSPI
2021-11-23,2997.33,KOSPI
2021-11-24,2994.29,KOSPI
2021-11-25,2980.27,KOSPI
2021-11-26,2936.44,KOSPI
2021-11-29,2909.32,KOSPI
2021-11-30,2839.01,KOSPI
2021-12-01,2899.72,KOSPI
2021-12-02,2945.27,KOSPI
2021-12-03,2968.33,KOSPI
2021-12-06,2973.25,KOSPI
2021-12-07,2991.72,KOSPI
2021-12-08,3001.8,KOSPI
2021-12-09,3029.57,KOSPI
2021-12-10,3010.23,KOSPI
2021-12-13,3001.66,KOSPI
2021-12-14,2987.95,KOSPI
2021-12-15,2989.39,KOSPI
2021-12-16,3006.41,KOSPI
2021-12-17,3017.73,KOSPI
2021-12-20,2963.0,KOSPI
2021-12-21,2975.03,KOSPI
2021-12-22,2984.48,KOSPI
2021-12-23,2998.17,KOSPI
2021-12-24,3012.43,KOSPI
2021-12-27,2999.55,KOSPI
2021-12-28,3020.24,KOSPI
2021-12-29,2993.29,KOSPI
2021-12-30,2977.65,KOSPI
2022-01-03,2988.77,KOSPI
2022-01-04,2989.24,KOSPI
2022-01-05,2953.97,KOSPI
2022-01-06,2920.53,KOSPI
2022-01-07,2954.89,KOSPI
2022-01-10,2926.72,KOSPI
2022-01-11,2927.38,KOSPI
2022-01-12,2972.48,KOSPI
2022-01-13,2962.09,KOSPI
2022-01-14,2921.92,KOSPI
2022-01-17,2890.1,KOSPI
2022-01-18,2864.24,KOSPI
2022-01-19,2842.28,KOSPI
2022-01-20,2862.68,KOSPI
2022-01-21,2834.29,KOSPI
2022-01-24,2792.0,KOSPI
2022-01-25,2720.39,KOSPI
2022-01-26,2709.24,KOSPI
2022-01-27,2614.49,KOSPI
2022-01-28,2663.34,KOSPI
2022-02-03,2707.82,KOSPI
2022-02-04,2750.26,KOSPI
2022-02-07,2745.06,KOSPI
2022-02-08,2746.47,KOSPI
2022-02-09,2768.85,KOSPI
2022-02-10,2771.93,KOSPI
2022-02-11,2747.71,KOSPI
2022-02-14,2704.48,KOSPI
2022-02-15,2676.54,KOSPI
2022-02-16,2729.68,KOSPI
2022-02-17,2744.09,KOSPI
2022-02-18,2744.52,KOSPI
2022-02-21,2743.8,KOSPI
2022-02-22,2706.79,KOSPI
2022-02-23,2719.53,KOSPI
2022-02-24,2648.8,KOSPI
2022-02-25,2676.76,KOSPI
2022-02-28,2699.18,KOSPI
2022-03-02,2703.52,KOSPI
2022-03-03,2747.08,KOSPI
2022-03-04,2713.43,KOSPI
2022-03-07,2651.31,KOSPI
2022-03-08,2622.4,KOSPI
2022-03-10,2680.32,KOSPI
2022-03-11,2661.28,KOSPI
2022-03-14,2645.65,KOSPI
2022-03-15,2621.53,KOSPI
2022-03-16,2659.23,KOSPI
2022-03-17,2694.51,KOSPI
2022-03-18,2707.02,KOSPI
2022-03-21,2686.05,KOSPI
2022-03-22,2710.0,KOSPI
2022-03-23,2735.05,KOSPI
2022-03-24,2729.66,KOSPI
2022-03-25,2729.98,KOSPI
2022-03-28,2729.56,KOSPI
2022-03-29,2741.07,KOSPI
2022-03-30,2746.74,KOSPI
2022-03-31,2757.65,KOSPI
2022-04-01,2739.85,KOSPI
2022-04-04,2757.9,KOSPI
2022-04-05,2759.2,KOSPI
2022-04-06,2735.03,KOSPI
2022-04-07,2695.86,KOSPI
2022-04-08,2700.39,KOSPI
2022-04-11,2693.1,KOSPI
2022-04-12,2666.76,KOSPI
2022-04-13,2716.49,KOSPI
2022-04-14,2716.71,KOSPI
2022-04-15,2696.06,KOSPI
2022-04-18,2693.21,KOSPI
2022-04-19,2718.89,KOSPI
2022-04-20,2718.69,KOSPI
2022-04-21,2728.21,KOSPI
2022-04-22,2704.71,KOSPI
2022-04-25,2657.13,KOSPI
2022-04-26,2668.31,KOSPI
2022-04-27,2639.06,KOSPI
2022-04-28,2667.49,KOSPI
2022-04-29,2695.05,KOSPI
2022-05-02,2687.45,KOSPI
2022-05-03,2680.46,KOSPI
2022-05-04,2677.57,KOSPI
2022-05-06,2644.51,KOSPI
2022-05-09,2610.81,KOSPI
2022-05-10,2596.56,KOSPI
2022-05-11,2592.27,KOSPI
2022-05-12,2550.08,KOSPI
2022-05-13,2604.24,KOSPI
2022-05-16,2596.58,KOSPI
2022-05-17,2620.44,KOSPI
2022-05-18,2625.98,KOSPI
2022-05-19,2592.34,KOSPI
2022-05-20,2639.29,KOSPI
2022-05-23,2647.38,KOSPI
2022-05-24,2605.87,KOSPI
2022-05-25,2617.22,KOSPI
2022-05-26,2612.45,KOSPI
2022-05-27,2638.05,KOSPI
2022-05-30,2669.66,KOSPI
2022-05-31,2685.9,KOSPI
2022-06-02,2658.99,KOSPI
2022-06-03,2670.65,KOSPI
2022-06-07,2626.34,KOSPI
2022-06-08,2626.15,KOSPI
2022-06-09,2625.44,KOSPI
2022-06-10,2595.87,KOSPI
2022-06-13,2504.51,KOSPI
2022-06-14,2492.97,KOSPI
2022-06-15,2447.38,KOSPI
2022-06-16,2451.41,KOSPI
2022-06-17,2440.93,KOSPI
2022-06-20,2391.03,KOSPI
2022-06-21,2408.93,KOSPI
2022-06-22,2342.81,KOSPI
2022-06-23,2314.32,KOSPI
2022-06-24,2366.6,KOSPI
2022-06-27,2401.92,KOSPI
2022-06-28,2422.09,KOSPI
2022-06-29,2377.99,KOSPI
2022-06-30,2332.64,KOSPI
2022-07-01,2305.42,KOSPI
2022-07-04,2300.34,KOSPI
2022-07-05,2341.78,KOSPI
2022-07-06,2292.01,KOSPI
2022-07-07,2334.27,KOSPI
2022-07-08,2350.61,KOSPI
2022-07-11,2340.27,KOSPI
2022-07-12,2317.76,KOSPI
2022-07-13,2328.61,KOSPI
2022-07-14,2322.32,KOSPI
2022-07-15,2330.98,KOSPI
2022-07-18,2375.25,KOSPI
2022-07-19,2370.97,KOSPI
2022-07-20,2386.85,KOSPI
2022-07-21,2409.16,KOSPI
2022-07-22,2393.14,KOSPI
2022-07-25,2403.69,KOSPI
2022-07-26,2412.96,KOSPI
2022-07-27,2415.53,KOSPI
2022-07-28,2435.27,KOSPI
2022-07-29,2451.5,KOSPI
2022-08-01,2452.25,KOSPI
2022-08-02,2439.62,KOSPI
2022-08-03,2461.45,KOSPI
2022-08-04,2473.11,KOSPI
2022-08-05,2490.8,KOSPI
2022-08-08,2493.1,KOSPI
2022-08-09,2503.46,KOSPI
2022-08-10,2480.88,KOSPI
2022-08-11,2523.78,KOSPI
2022-08-12,2527.94,KOSPI
2022-08-16,2533.52,KOSPI
2022-08-17,2516.47,KOSPI
2022-08-18,2508.05,KOSPI
2022-08-19,2492.69,KOSPI
2022-08-22,2462.5,KOSPI
2022-08-23,2435.34,KOSPI
2022-08-24,2447.45,KOSPI
2022-08-25,2477.26,KOSPI
2022-08-26,2481.03,KOSPI
2022-08-29,2426.89,KOSPI
2022-08-30,2450.93,KOSPI
2022-08-31,2472.05,KOSPI
2022-09-01,2415.61,KOSPI
2022-09-02,2409.41,KOSPI
2022-09-05,2403.68,KOSPI
2022-09-06,2410.02,KOSPI
2022-09-07,2376.46,KOSPI
2022-09-08,2384.28,KOSPI
2022-09-13,2449.54,KOSPI
2022-09-14,2411.42,KOSPI
2022-09-15,2401.83,KOSPI
2022-09-16,2382.78,KOSPI
2022-09-19,2355.66,KOSPI
2022-09-20,2367.85,KOSPI
2022-09-21,2347.21,KOSPI
2022-09-22,2332.31,KOSPI
2022-09-23,2290.0,KOSPI
2022-09-26,2220.94,KOSPI
2022-09-27,2223.86,KOSPI
2022-09-28,2169.29,KOSPI
2022-09-29,2170.93,KOSPI
2022-09-30,2155.49,KOSPI
2022-10-04,2209.38,KOSPI
2022-10-05,2215.22,KOSPI
2022-10-06,2237.86,KOSPI
2022-10-07,2232.84,KOSPI
2022-10-11,2192.07,KOSPI
2022-10-12,2202.47,KOSPI
2022-10-13,2162.87,KOSPI
2022-10-14,2212.55,KOSPI
2022-10-17,2219.71,KOSPI
2022-10-18,2249.95,KOSPI
2022-10-19,2237.44,KOSPI
2022-10-20,2218.09,KOSPI
2022-10-21,2213.12,KOSPI
2022-10-24,2236.16,KOSPI
2022-10-25,2235.07,KOSPI
2022-10-26,2249.56,KOSPI
2022-10-27,2288.78,KOSPI
2022-10-28,2268.4,KOSPI
2022-10-31,2293.61,KOSPI
2022-11-01,2335.22,KOSPI
2022-11-02,2336.87,KOSPI
2022-11-03,2329.17,KOSPI
2022-11-04,2348.43,KOSPI
2022-11-07,2371.79,KOSPI
2022-11-08,2399.04,KOSPI
2022-11-09,2424.41,KOSPI
2022-11-10,2402.23,KOSPI
2022-11-11,2483.16,KOSPI
2022-11-14,2474.65,KOSPI
2022-11-15,2480.33,KOSPI
2022-11-16,2477.45,KOSPI
2022-11-17,2442.9,KOSPI
2022-11-18,2444.48,KOSPI
2022-11-21,2419.5,KOSPI
2022-11-22,2405.27,KOSPI
2022-11-23,2418.01,KOSPI
2022-11-24,2441.33,KOSPI
2022-11-25,2437.86,KOSPI
2022-11-28,2408.27,KOSPI
2022-11-29,2433.39,KOSPI
2022-11-30,2472.53,KOSPI
2022-12-01,2479.84,KOSPI
2022-12-02,2434.33,KOSPI
2022-12-05,2419.32,KOSPI
2022-12-06,2393.16,KOSPI
2022-12-07,2382.81,KOSPI
2022-12-08,2371.08,KOSPI
2022-12-09,2389.04,KOSPI
2022-12-12,2373.02,KOSPI
2022-12-13,2372.4,KOSPI
2022-12-14,2399.25,KOSPI
2022-12-15,2360.97,KOSPI
2022-12-16,2360.02,KOSPI
2022-12-19,2352.17,KOSPI
2022-12-20,2333.29,KOSPI
2022-12-21,2328.95,KOSPI
2022-12-22,2356.73,KOSPI
2022-12-23,2313.69,KOSPI
2022-12-26,2317.14,KOSPI
2022-12-27,2332.79,KOSPI
2022-12-28,2280.45,KOSPI
2022-12-29,2236.4,KOSPI
2023-01-02,2225.67,KOSPI
2023-01-03,2218.68,KOSPI
2023-01-04,2255.98,KOSPI
