date,nasdaq_price,symbol
2011-02-16,2825.56,NASDAQ
2011-02-17,2831.58,NASDAQ
2011-02-18,2833.95,NASDAQ
2011-02-22,2756.42,NASDAQ
2011-02-23,2722.99,NASDAQ
2011-02-24,2737.9,NASDAQ
2011-02-25,2781.05,NASDAQ
2011-02-28,2782.27,NASDAQ
2011-03-01,2737.41,NASDAQ
2011-03-02,2748.07,NASDAQ
2011-03-03,2798.74,NASDAQ
2011-03-04,2784.67,NASDAQ
2011-03-07,2745.63,NASDAQ
2011-03-08,2765.77,NASDAQ
2011-03-09,2751.72,NASDAQ
2011-03-10,2701.02,NASDAQ
2011-03-11,2715.61,NASDAQ
2011-03-14,2700.97,NASDAQ
2011-03-15,2667.33,NASDAQ
2011-03-16,2616.82,NASDAQ
2011-03-17,2636.05,NASDAQ
2011-03-18,2643.67,NASDAQ
2011-03-21,2692.09,NASDAQ
2011-03-22,2683.87,NASDAQ
2011-03-23,2698.3,NASDAQ
2011-03-24,2736.42,NASDAQ
2011-03-25,2743.06,NASDAQ
2011-03-28,2730.68,NASDAQ
2011-03-29,2756.89,NASDAQ
2011-03-30,2776.79,NASDAQ
2011-03-31,2781.07,NASDAQ
2011-04-01,2789.6,NASDAQ
2011-04-04,2789.19,NASDAQ
2011-04-05,2791.19,NASDAQ
2011-04-06,2799.82,NASDAQ
2011-04-07,2796.14,NASDAQ
2011-04-08,2780.42,NASDAQ
2011-04-11,2771.51,NASDAQ
2011-04-12,2744.79,NASDAQ
2011-04-13,2761.52,NASDAQ
2011-04-14,2760.22,NASDAQ
2011-04-15,2764.65,NASDAQ
2011-04-18,2735.38,NASDAQ
2011-04-19,2744.97,NASDAQ
2011-04-20,2802.51,NASDAQ
2011-04-21,2820.16,NASDAQ
2011-04-25,2825.88,NASDAQ
2011-04-26,2847.54,NASDAQ
2011-04-27,2869.88,NASDAQ
2011-04-28,2872.53,NASDAQ
2011-04-29,2873.54,NASDAQ
2011-05-02,2864.08,NASDAQ
2011-05-03,2841.62,NASDAQ
2011-05-04,2828.23,NASDAQ
2011-05-05,2814.72,NASDAQ
2011-05-06,2827.56,NASDAQ
2011-05-09,2843.25,NASDAQ
2011-05-10,2871.89,NASDAQ
2011-05-11,2845.06,NASDAQ
2011-05-12,2863.04,NASDAQ
2011-05-13,2828.47,NASDAQ
2011-05-16,2782.31,NASDAQ
2011-05-17,2783.21,NASDAQ
2011-05-18,2815.0,NASDAQ
2011-05-19,2823.31,NASDAQ
2011-05-20,2803.32,NASDAQ
2011-05-23,2758.9,NASDAQ
2011-05-24,2746.16,NASDAQ
2011-05-25,2761.38,NASDAQ
2011-05-26,2782.92,NASDAQ
2011-05-27,2796.86,NASDAQ
2011-05-31,2835.3,NASDAQ
2011-06-01,2769.19,NASDAQ
2011-06-02,2773.31,NASDAQ
2011-06-03,2732.78,NASDAQ
2011-06-06,2702.56,NASDAQ
2011-06-07,2701.56,NASDAQ
2011-06-08,2675.38,NASDAQ
2011-06-09,2684.87,NASDAQ
2011-06-10,2643.73,NASDAQ
2011-06-13,2639.69,NASDAQ
2011-06-14,2678.72,NASDAQ
2011-06-15,2631.46,NASDAQ
2011-06-16,2623.7,NASDAQ
2011-06-17,2616.48,NASDAQ
2011-06-20,2629.66,NASDAQ
2011-06-21,2687.26,NASDAQ
2011-06-22,2669.19,NASDAQ
2011-06-23,2686.75,NASDAQ
2011-06-24,2652.89,NASDAQ
2011-06-27,2688.28,NASDAQ
2011-06-28,2729.31,NASDAQ
2011-06-29,2740.49,NASDAQ
2011-06-30,2773.52,NASDAQ
2011-07-01,2816.03,NASDAQ
2011-07-05,2825.77,NASDAQ
2011-07-06,2834.02,NASDAQ
2011-07-07,2872.66,NASDAQ
2011-07-08,2859.81,NASDAQ
2011-07-11,2802.62,NASDAQ
2011-07-12,2781.91,NASDAQ
2011-07-13,2796.92,NASDAQ
2011-07-14,2762.67,NASDAQ
2011-07-15,2789.8,NASDAQ
2011-07-18,2765.11,NASDAQ
2011-07-19,2826.52,NASDAQ
2011-07-20,2814.23,NASDAQ
2011-07-21,2834.43,NASDAQ
2011-07-22,2858.83,NASDAQ
2011-07-25,2842.8,NASDAQ
2011-07-26,2839.96,NASDAQ
2011-07-27,2764.79,NASDAQ
2011-07-28,2766.25,NASDAQ
2011-07-29,2756.38,NASDAQ
2011-08-01,2744.61,NASDAQ
2011-08-02,2669.24,NASDAQ
2011-08-03,2693.07,NASDAQ
2011-08-04,2556.39,NASDAQ
2011-08-05,2532.41,NASDAQ
2011-08-08,2357.69,NASDAQ
2011-08-09,2482.52,NASDAQ
2011-08-10,2381.05,NASDAQ
2011-08-11,2492.68,NASDAQ
2011-08-12,2507.98,NASDAQ
2011-08-15,2555.2,NASDAQ
2011-08-16,2523.45,NASDAQ
2011-08-17,2511.48,NASDAQ
2011-08-18,2380.43,NASDAQ
2011-08-19,2341.84,NASDAQ
2011-08-22,2345.38,NASDAQ
2011-08-23,2446.06,NASDAQ
2011-08-24,2467.69,NASDAQ
2011-08-25,2419.63,NASDAQ
2011-08-26,2479.85,NASDAQ
2011-08-29,2562.11,NASDAQ
2011-08-30,2576.11,NASDAQ
2011-08-31,2579.46,NASDAQ
2011-09-01,2546.04,NASDAQ
2011-09-02,2480.33,NASDAQ
2011-09-06,2473.83,NASDAQ
2011-09-07,2548.94,NASDAQ
2011-09-08,2529.14,NASDAQ
2011-09-09,2467.99,NASDAQ
2011-09-12,2495.09,NASDAQ
2011-09-13,2532.15,NASDAQ
2011-09-14,2572.55,NASDAQ
2011-09-15,2607.07,NASDAQ
2011-09-16,2622.31,NASDAQ
2011-09-19,2612.83,NASDAQ
2011-09-20,2590.23,NASDAQ
2011-09-21,2538.19,NASDAQ
2011-09-22,2455.67,NASDAQ
2011-09-23,2483.23,NASDAQ
2011-09-26,2516.69,NASDAQ
2011-09-27,2546.83,NASDAQ
2011-09-28,2491.58,NASDAQ
2011-09-29,2480.76,NASDAQ
2011-09-30,2415.4,NASDAQ
2011-10-03,2335.83,NASDAQ
2011-10-04,2404.82,NASDAQ
2011-10-05,2460.51,NASDAQ
2011-10-06,2506.82,NASDAQ
2011-10-07,2479.35,NASDAQ
2011-10-10,2566.05,NASDAQ
2011-10-11,2583.03,NASDAQ
2011-10-12,2604.73,NASDAQ
2011-10-13,2620.24,NASDAQ
2011-10-14,2667.85,NASDAQ
2011-10-17,2614.92,NASDAQ
2011-10-18,2657.43,NASDAQ
2011-10-19,2604.04,NASDAQ
2011-10-20,2598.62,NASDAQ
2011-10-21,2637.46,NASDAQ
2011-10-24,2699.44,NASDAQ
2011-10-25,2638.42,NASDAQ
2011-10-26,2650.67,NASDAQ
2011-10-27,2738.63,NASDAQ
2011-10-28,2737.15,NASDAQ
2011-10-31,2684.41,NASDAQ
2011-11-01,2606.96,NASDAQ
2011-11-02,2639.98,NASDAQ
2011-11-03,2697.97,NASDAQ
2011-11-04,2686.15,NASDAQ
2011-11-07,2695.25,NASDAQ
2011-11-08,2727.49,NASDAQ
2011-11-09,2621.65,NASDAQ
2011-11-10,2625.15,NASDAQ
2011-11-11,2678.75,NASDAQ
2011-11-14,2657.22,NASDAQ
2011-11-15,2686.2,NASDAQ
2011-11-16,2639.61,NASDAQ
2011-11-17,2587.99,NASDAQ
2011-11-18,2572.5,NASDAQ
2011-11-21,2523.14,NASDAQ
2011-11-22,2521.28,NASDAQ
2011-11-23,2460.08,NASDAQ
2011-11-25,2441.51,NASDAQ
2011-11-28,2527.34,NASDAQ
2011-11-29,2515.51,NASDAQ
2011-11-30,2620.34,NASDAQ
2011-12-01,2626.2,NASDAQ
2011-12-02,2626.93,NASDAQ
2011-12-05,2655.76,NASDAQ
2011-12-06,2649.56,NASDAQ
2011-12-07,2649.21,NASDAQ
2011-12-08,2596.38,NASDAQ
2011-12-09,2646.85,NASDAQ
2011-12-12,2612.26,NASDAQ
2011-12-13,2579.27,NASDAQ
2011-12-14,2539.31,NASDAQ
2011-12-15,2541.01,NASDAQ
2011-12-16,2555.33,NASDAQ
2011-12-19,2523.14,NASDAQ
2011-12-20,2603.73,NASDAQ
2011-12-21,2577.97,NASDAQ
2011-12-22,2599.45,NASDAQ
2011-12-23,2618.64,NASDAQ
2011-12-27,2625.2,NASDAQ
2011-12-28,2589.98,NASDAQ
2011-12-29,2613.74,NASDAQ
2011-12-30,2605.15,NASDAQ
2012-01-03,2648.72,NASDAQ
2012-01-04,2648.36,NASDAQ
2012-01-05,2669.86,NASDAQ
2012-01-06,2674.22,NASDAQ
2012-01-09,2676.56,NASDAQ
2012-01-10,2702.5,NASDAQ
2012-01-11,2710.76,NASDAQ
2012-01-12,2724.7,NASDAQ
2012-01-13,2710.67,NASDAQ
2012-01-17,2728.08,NASDAQ
2012-01-18,2769.71,NASDAQ
2012-01-19,2788.33,NASDAQ
2012-01-20,2786.7,NASDAQ
2012-01-23,2784.17,NASDAQ
2012-01-24,2786.64,NASDAQ
2012-01-25,2818.31,NASDAQ
2012-01-26,2805.28,NASDAQ
2012-01-27,2816.55,NASDAQ
2012-01-30,2811.94,NASDAQ
2012-01-31,2813.84,NASDAQ
2012-02-01,2848.27,NASDAQ
2012-02-02,2859.68,NASDAQ
2012-02-03,2905.66,NASDAQ
2012-02-06,2901.99,NASDAQ
2012-02-07,2904.08,NASDAQ
2012-02-08,2915.86,NASDAQ
2012-02-09,2927.23,NASDAQ
2012-02-10,2903.88,NASDAQ
2012-02-13,2931.39,NASDAQ
2012-02-14,2931.83,NASDAQ
2012-02-15,2915.83,NASDAQ
2012-02-16,2959.85,NASDAQ
2012-02-17,2951.78,NASDAQ
2012-02-21,2948.57,NASDAQ
2012-02-22,2933.17,NASDAQ
2012-02-23,2956.98,NASDAQ
2012-02-24,2963.75,NASDAQ
2012-02-27,2966.16,NASDAQ
2012-02-28,2986.76,NASDAQ
2012-02-29,2966.89,NASDAQ
2012-03-01,2988.97,NASDAQ
2012-03-02,2976.19,NASDAQ
2012-03-05,2950.48,NASDAQ
2012-03-06,2910.32,NASDAQ
2012-03-07,2935.69,NASDAQ
2012-03-08,2970.42,NASDAQ
2012-03-09,2988.34,NASDAQ
2012-03-12,2983.66,NASDAQ
2012-03-13,3039.88,NASDAQ
2012-03-14,3040.73,NASDAQ
2012-03-15,3056.37,NASDAQ
2012-03-16,3055.26,NASDAQ
2012-03-19,3078.32,NASDAQ
2012-03-20,3074.15,NASDAQ
2012-03-21,3075.32,NASDAQ
2012-03-22,3063.32,NASDAQ
2012-03-23,3067.92,NASDAQ
2012-03-26,3122.57,NASDAQ
2012-03-27,3120.35,NASDAQ
2012-03-28,3104.96,NASDAQ
2012-03-29,3095.36,NASDAQ
2012-03-30,3091.57,NASDAQ
2012-04-02,3119.7,NASDAQ
2012-04-03,3113.57,NASDAQ
2012-04-04,3068.09,NASDAQ
2012-04-05,3080.5,NASDAQ
2012-04-09,3047.08,NASDAQ
2012-04-10,2991.22,NASDAQ
2012-04-11,3016.46,NASDAQ
2012-04-12,3055.55,NASDAQ
2012-04-13,3011.33,NASDAQ
2012-04-16,2988.4,NASDAQ
2012-04-17,3042.82,NASDAQ
2012-04-18,3031.45,NASDAQ
2012-04-19,3007.56,NASDAQ
2012-04-20,3000.45,NASDAQ
2012-04-23,2970.45,NASDAQ
2012-04-24,2961.6,NASDAQ
2012-04-25,3029.63,NASDAQ
2012-04-26,3050.61,NASDAQ
2012-04-27,3069.2,NASDAQ
2012-04-30,3046.36,NASDAQ
2012-05-01,3050.44,NASDAQ
2012-05-02,3059.85,NASDAQ
2012-05-03,3024.3,NASDAQ
2012-05-04,2956.34,NASDAQ
2012-05-07,2957.76,NASDAQ
2012-05-08,2946.27,NASDAQ
2012-05-09,2934.71,NASDAQ
2012-05-10,2933.64,NASDAQ
2012-05-11,2933.82,NASDAQ
2012-05-14,2902.58,NASDAQ
2012-05-15,2893.76,NASDAQ
2012-05-16,2874.04,NASDAQ
2012-05-17,2813.69,NASDAQ
2012-05-18,2778.79,NASDAQ
2012-05-21,2847.21,NASDAQ
2012-05-22,2839.08,NASDAQ
2012-05-23,2850.12,NASDAQ
2012-05-24,2839.38,NASDAQ
2012-05-25,2837.53,NASDAQ
2012-05-29,2870.99,NASDAQ
2012-05-30,2837.36,NASDAQ
2012-05-31,2827.34,NASDAQ
2012-06-01,2747.48,NASDAQ
2012-06-04,2760.01,NASDAQ
2012-06-05,2778.11,NASDAQ
2012-06-06,2844.72,NASDAQ
2012-06-07,2831.02,NASDAQ
2012-06-08,2858.42,NASDAQ
2012-06-11,2809.73,NASDAQ
2012-06-12,2843.07,NASDAQ
2012-06-13,2818.61,NASDAQ
2012-06-14,2836.33,NASDAQ
2012-06-15,2872.8,NASDAQ
2012-06-18,2895.33,NASDAQ
2012-06-19,2929.76,NASDAQ
2012-06-20,2930.45,NASDAQ
2012-06-21,2859.09,NASDAQ
2012-06-22,2892.42,NASDAQ
2012-06-25,2836.16,NASDAQ
2012-06-26,2854.06,NASDAQ
2012-06-27,2875.32,NASDAQ
2012-06-28,2849.49,NASDAQ
2012-06-29,2935.05,NASDAQ
2012-07-02,2951.23,NASDAQ
2012-07-03,2976.08,NASDAQ
2012-07-05,2976.12,NASDAQ
2012-07-06,2937.33,NASDAQ
2012-07-09,2931.77,NASDAQ
2012-07-10,2902.33,NASDAQ
2012-07-11,2887.98,NASDAQ
2012-07-12,2866.19,NASDAQ
2012-07-13,2908.47,NASDAQ
2012-07-16,2896.94,NASDAQ
2012-07-17,2910.04,NASDAQ
2012-07-18,2942.6,NASDAQ
2012-07-19,2965.9,NASDAQ
2012-07-20,2925.3,NASDAQ
2012-07-23,2890.15,NASDAQ
2012-07-24,2862.99,NASDAQ
2012-07-25,2854.24,NASDAQ
2012-07-26,2893.25,NASDAQ
2012-07-27,2958.09,NASDAQ
2012-07-30,2945.84,NASDAQ
2012-07-31,2939.52,NASDAQ
2012-08-01,2920.21,NASDAQ
2012-08-02,2909.77,NASDAQ
2012-08-03,2967.9,NASDAQ
2012-08-06,2989.91,NASDAQ
2012-08-07,3015.86,NASDAQ
2012-08-08,3011.25,NASDAQ
2012-08-09,3018.64,NASDAQ
2012-08-10,3020.86,NASDAQ
2012-08-13,3022.52,NASDAQ
2012-08-14,3016.98,NASDAQ
2012-08-15,3030.93,NASDAQ
2012-08-16,3062.39,NASDAQ
2012-08-17,3076.59,NASDAQ
2012-08-20,3076.21,NASDAQ
2012-08-21,3067.26,NASDAQ
2012-08-22,3073.67,NASDAQ
2012-08-23,3053.4,NASDAQ
2012-08-24,3069.79,NASDAQ
2012-08-27,3073.19,NASDAQ
2012-08-28,3077.14,NASDAQ
2012-08-29,3081.19,NASDAQ
2012-08-30,3048.71,NASDAQ
2012-08-31,3066.96,NASDAQ
2012-09-04,3075.06,NASDAQ
2012-09-05,3069.27,NASDAQ
2012-09-06,3135.81,NASDAQ
2012-09-07,3136.42,NASDAQ
2012-09-10,3104.02,NASDAQ
2012-09-11,3104.53,NASDAQ
2012-09-12,3114.31,NASDAQ
2012-09-13,3155.83,NASDAQ
2012-09-14,3183.95,NASDAQ
2012-09-17,3178.67,NASDAQ
2012-09-18,3177.8,NASDAQ
2012-09-19,3182.62,NASDAQ
2012-09-20,3175.96,NASDAQ
2012-09-21,3179.96,NASDAQ
2012-09-24,3160.78,NASDAQ
2012-09-25,3117.73,NASDAQ
2012-09-26,3093.7,NASDAQ
2012-09-27,3136.6,NASDAQ
2012-09-28,3116.23,NASDAQ
2012-10-01,3113.53,NASDAQ
2012-10-02,3120.04,NASDAQ
2012-10-03,3135.23,NASDAQ
2012-10-04,3149.46,NASDAQ
2012-10-05,3136.19,NASDAQ
2012-10-08,3112.35,NASDAQ
2012-10-09,3065.02,NASDAQ
2012-10-10,3051.78,NASDAQ
2012-10-11,3049.41,NASDAQ
2012-10-12,3044.11,NASDAQ
2012-10-15,3064.18,NASDAQ
2012-10-16,3101.17,NASDAQ
2012-10-17,3104.12,NASDAQ
2012-10-18,3072.87,NASDAQ
2012-10-19,3005.62,NASDAQ
2012-10-22,3016.96,NASDAQ
2012-10-23,2990.46,NASDAQ
2012-10-24,2981.7,NASDAQ
2012-10-25,2986.12,NASDAQ
2012-10-26,2987.95,NASDAQ
2012-10-31,2977.23,NASDAQ
2012-11-01,3020.06,NASDAQ
2012-11-02,2982.13,NASDAQ
2012-11-05,2999.66,NASDAQ
2012-11-06,3011.93,NASDAQ
2012-11-07,2937.29,NASDAQ
2012-11-08,2895.58,NASDAQ
2012-11-09,2904.87,NASDAQ
2012-11-12,2904.26,NASDAQ
2012-11-13,2883.89,NASDAQ
2012-11-14,2846.81,NASDAQ
2012-11-15,2836.94,NASDAQ
2012-11-16,2853.13,NASDAQ
2012-11-19,2916.07,NASDAQ
2012-11-20,2916.68,NASDAQ
2012-11-21,2926.55,NASDAQ
2012-11-23,2966.85,NASDAQ
2012-11-26,2976.78,NASDAQ
2012-11-27,2967.79,NASDAQ
2012-11-28,2991.78,NASDAQ
2012-11-29,3012.03,NASDAQ
2012-11-30,3010.24,NASDAQ
2012-12-03,3002.2,NASDAQ
2012-12-04,2996.69,NASDAQ
2012-12-05,2973.7,NASDAQ
2012-12-06,2989.27,NASDAQ
2012-12-07,2978.04,NASDAQ
2012-12-10,2986.96,NASDAQ
2012-12-11,3022.3,NASDAQ
2012-12-12,3013.81,NASDAQ
2012-12-13,2992.16,NASDAQ
2012-12-14,2971.33,NASDAQ
2012-12-17,3010.6,NASDAQ
2012-12-18,3054.53,NASDAQ
2012-12-19,3044.36,NASDAQ
2012-12-20,3050.39,NASDAQ
2012-12-21,3021.01,NASDAQ
2012-12-24,3012.6,NASDAQ
2012-12-26,2990.16,NASDAQ
2012-12-27,2985.91,NASDAQ
2012-12-28,2960.31,NASDAQ
2012-12-31,3019.51,NASDAQ
2013-01-02,3112.26,NASDAQ
2013-01-03,3100.57,NASDAQ
2013-01-04,3101.66,NASDAQ
2013-01-07,3098.81,NASDAQ
2013-01-08,3091.81,NASDAQ
2013-01-09,3105.81,NASDAQ
2013-01-10,3121.76,NASDAQ
2013-01-11,3125.63,NASDAQ
2013-01-14,3117.5,NASDAQ
2013-01-15,3110.78,NASDAQ
2013-01-16,3117.54,NASDAQ
2013-01-17,3136.0,NASDAQ
2013-01-18,3134.71,NASDAQ
2013-01-22,3143.18,NASDAQ
2013-01-23,3153.67,NASDAQ
2013-01-24,3130.38,NASDAQ
2013-01-25,3149.71,NASDAQ
2013-01-28,3154.3,NASDAQ
2013-01-29,3153.66,NASDAQ
2013-01-30,3142.31,NASDAQ
2013-01-31,3142.13,NASDAQ
2013-02-01,3179.1,NASDAQ
2013-02-04,3131.17,NASDAQ
2013-02-05,3171.58,NASDAQ
2013-02-06,3168.48,NASDAQ
2013-02-07,3165.13,NASDAQ
2013-02-08,3193.87,NASDAQ
2013-02-11,3192.0,NASDAQ
2013-02-12,3186.49,NASDAQ
2013-02-13,3196.88,NASDAQ
2013-02-14,3198.66,NASDAQ
2013-02-15,3192.03,NASDAQ
2013-02-19,3213.59,NASDAQ
2013-02-20,3164.41,NASDAQ
2013-02-21,3131.49,NASDAQ
2013-02-22,3161.82,NASDAQ
2013-02-25,3116.25,NASDAQ
2013-02-26,3129.65,NASDAQ
2013-02-27,3162.26,NASDAQ
2013-02-28,3160.19,NASDAQ
2013-03-01,3169.74,NASDAQ
2013-03-04,3182.03,NASDAQ
2013-03-05,3224.13,NASDAQ
2013-03-06,3222.37,NASDAQ
2013-03-07,3232.09,NASDAQ
2013-03-08,3244.37,NASDAQ
2013-03-11,3252.87,NASDAQ
2013-03-12,3242.32,NASDAQ
2013-03-13,3245.12,NASDAQ
2013-03-14,3258.93,NASDAQ
2013-03-15,3249.07,NASDAQ
2013-03-18,3237.59,NASDAQ
2013-03-19,3229.1,NASDAQ
2013-03-20,3254.19,NASDAQ
2013-03-21,3222.6,NASDAQ
2013-03-22,3245.0,NASDAQ
2013-03-25,3235.3,NASDAQ
2013-03-26,3252.48,NASDAQ
2013-03-27,3256.52,NASDAQ
2013-03-28,3267.52,NASDAQ
2013-04-01,3239.17,NASDAQ
2013-04-02,3254.86,NASDAQ
2013-04-03,3218.6,NASDAQ
2013-04-04,3224.98,NASDAQ
2013-04-05,3203.86,NASDAQ
2013-04-08,3222.25,NASDAQ
2013-04-09,3237.86,NASDAQ
2013-04-10,3297.25,NASDAQ
2013-04-11,3300.16,NASDAQ
2013-04-12,3294.95,NASDAQ
2013-04-15,3216.49,NASDAQ
2013-04-16,3264.63,NASDAQ
2013-04-17,3204.67,NASDAQ
2013-04-18,3166.36,NASDAQ
2013-04-19,3206.06,NASDAQ
2013-04-22,3233.55,NASDAQ
2013-04-23,3269.33,NASDAQ
2013-04-24,3269.65,NASDAQ
2013-04-25,3289.99,NASDAQ
2013-04-26,3279.26,NASDAQ
2013-04-29,3307.02,NASDAQ
2013-04-30,3328.79,NASDAQ
2013-05-01,3299.13,NASDAQ
2013-05-02,3340.62,NASDAQ
2013-05-03,3378.63,NASDAQ
2013-05-06,3392.97,NASDAQ
2013-05-07,3396.63,NASDAQ
2013-05-08,3413.27,NASDAQ
2013-05-09,3409.17,NASDAQ
2013-05-10,3436.58,NASDAQ
2013-05-13,3438.79,NASDAQ
2013-05-14,3462.61,NASDAQ
2013-05-15,3471.62,NASDAQ
2013-05-16,3465.24,NASDAQ
2013-05-17,3498.97,NASDAQ
2013-05-20,3496.43,NASDAQ
2013-05-21,3502.12,NASDAQ
2013-05-22,3463.3,NASDAQ
2013-05-23,3459.42,NASDAQ
2013-05-24,3459.14,NASDAQ
2013-05-28,3488.89,NASDAQ
2013-05-29,3467.52,NASDAQ
2013-05-30,3491.3,NASDAQ
2013-05-31,3455.91,NASDAQ
2013-06-03,3465.37,NASDAQ
2013-06-04,3445.26,NASDAQ
2013-06-05,3401.48,NASDAQ
2013-06-06,3424.05,NASDAQ
2013-06-07,3469.22,NASDAQ
2013-06-10,3473.77,NASDAQ
2013-06-11,3436.95,NASDAQ
2013-06-12,3400.43,NASDAQ
2013-06-13,3445.37,NASDAQ
2013-06-14,3423.56,NASDAQ
2013-06-17,3452.13,NASDAQ
2013-06-18,3482.18,NASDAQ
2013-06-19,3443.2,NASDAQ
2013-06-20,3364.63,NASDAQ
2013-06-21,3357.25,NASDAQ
2013-06-24,3320.76,NASDAQ
2013-06-25,3347.89,NASDAQ
2013-06-26,3376.22,NASDAQ
2013-06-27,3401.86,NASDAQ
2013-06-28,3403.25,NASDAQ
2013-07-01,3434.49,NASDAQ
2013-07-02,3433.4,NASDAQ
2013-07-03,3443.67,NASDAQ
2013-07-05,3479.38,NASDAQ
2013-07-08,3484.83,NASDAQ
2013-07-09,3504.26,NASDAQ
2013-07-10,3520.76,NASDAQ
2013-07-11,3578.3,NASDAQ
2013-07-12,3600.08,NASDAQ
2013-07-15,3607.49,NASDAQ
2013-07-16,3598.5,NASDAQ
2013-07-17,3610.0,NASDAQ
2013-07-18,3611.28,NASDAQ
2013-07-19,3587.61,NASDAQ
2013-07-22,3600.39,NASDAQ
2013-07-23,3579.27,NASDAQ
2013-07-24,3579.6,NASDAQ
2013-07-25,3605.19,NASDAQ
2013-07-26,3613.16,NASDAQ
2013-07-29,3599.14,NASDAQ
2013-07-30,3616.47,NASDAQ
2013-07-31,3626.37,NASDAQ
2013-08-01,3675.74,NASDAQ
2013-08-02,3689.59,NASDAQ
2013-08-05,3692.95,NASDAQ
2013-08-06,3665.77,NASDAQ
2013-08-07,3654.01,NASDAQ
2013-08-08,3669.12,NASDAQ
2013-08-09,3660.11,NASDAQ
2013-08-12,3669.95,NASDAQ
2013-08-13,3684.44,NASDAQ
2013-08-14,3669.27,NASDAQ
2013-08-15,3606.12,NASDAQ
2013-08-16,3602.78,NASDAQ
2013-08-19,3589.09,NASDAQ
2013-08-20,3613.59,NASDAQ
2013-08-21,3599.79,NASDAQ
2013-08-22,3638.71,NASDAQ
2013-08-23,3657.79,NASDAQ
2013-08-26,3657.57,NASDAQ
2013-08-27,3578.52,NASDAQ
2013-08-28,3593.35,NASDAQ
2013-08-29,3620.3,NASDAQ
2013-08-30,3589.87,NASDAQ
2013-09-03,3612.61,NASDAQ
2013-09-04,3649.04,NASDAQ
2013-09-05,3658.78,NASDAQ
2013-09-06,3660.01,NASDAQ
2013-09-09,3706.18,NASDAQ
2013-09-10,3729.02,NASDAQ
2013-09-11,3725.01,NASDAQ
2013-09-12,3715.97,NASDAQ
2013-09-13,3722.18,NASDAQ
2013-09-16,3717.85,NASDAQ
2013-09-17,3745.7,NASDAQ
2013-09-18,3783.64,NASDAQ
2013-09-19,3789.38,NASDAQ
2013-09-20,3774.73,NASDAQ
2013-09-23,3765.29,NASDAQ
2013-09-24,3768.25,NASDAQ
2013-09-25,3761.1,NASDAQ
2013-09-26,3787.43,NASDAQ
2013-09-27,3781.59,NASDAQ
2013-09-30,3771.48,NASDAQ
2013-10-01,3817.98,NASDAQ
2013-10-02,3815.02,NASDAQ
2013-10-03,3774.34,NASDAQ
2013-10-04,3807.75,NASDAQ
2013-10-07,3770.38,NASDAQ
2013-10-08,3694.83,NASDAQ
2013-10-09,3677.78,NASDAQ
2013-10-10,3760.75,NASDAQ
2013-10-11,3791.87,NASDAQ
2013-10-14,3815.27,NASDAQ
2013-10-15,3794.01,NASDAQ
2013-10-16,3839.43,NASDAQ
2013-10-17,3863.15,NASDAQ
2013-10-18,3914.28,NASDAQ
2013-10-21,3920.05,NASDAQ
2013-10-22,3929.57,NASDAQ
2013-10-23,3907.07,NASDAQ
2013-10-24,3928.96,NASDAQ
2013-10-25,3943.36,NASDAQ
2013-10-28,3940.13,NASDAQ
2013-10-29,3952.34,NASDAQ
2013-10-30,3930.62,NASDAQ
2013-10-31,3919.71,NASDAQ
2013-11-01,3922.04,NASDAQ
2013-11-04,3936.59,NASDAQ
2013-11-05,3939.86,NASDAQ
2013-11-06,3931.95,NASDAQ
2013-11-07,3857.33,NASDAQ
2013-11-08,3919.23,NASDAQ
2013-11-11,3919.79,NASDAQ
2013-11-12,3919.92,NASDAQ
2013-11-13,3965.58,NASDAQ
2013-11-14,3972.74,NASDAQ
2013-11-15,3985.97,NASDAQ
2013-11-18,3949.07,NASDAQ
2013-11-19,3931.55,NASDAQ
2013-11-20,3921.27,NASDAQ
2013-11-21,3969.15,NASDAQ
2013-11-22,3991.65,NASDAQ
2013-11-25,3994.57,NASDAQ
2013-11-26,4017.75,NASDAQ
2013-11-27,4044.75,NASDAQ
2013-11-29,4059.89,NASDAQ
2013-12-02,4045.26,NASDAQ
2013-12-03,4037.2,NASDAQ
2013-12-04,4038.0,NASDAQ
2013-12-05,4033.16,NASDAQ
2013-12-06,4062.52,NASDAQ
2013-12-09,4068.75,NASDAQ
2013-12-10,4060.49,NASDAQ
2013-12-11,4003.81,NASDAQ
2013-12-12,3998.4,NASDAQ
2013-12-13,4000.98,NASDAQ
2013-12-16,4029.52,NASDAQ
2013-12-17,4023.68,NASDAQ
2013-12-18,4070.06,NASDAQ
2013-12-19,4058.14,NASDAQ
2013-12-20,4104.74,NASDAQ
2013-12-23,4148.9,NASDAQ
2013-12-24,4155.42,NASDAQ
2013-12-26,4167.18,NASDAQ
2013-12-27,4156.59,NASDAQ
2013-12-30,4154.2,NASDAQ
2013-12-31,4176.59,NASDAQ
2014-01-02,4143.07,NASDAQ
2014-01-03,4131.91,NASDAQ
2014-01-06,4113.68,NASDAQ
2014-01-07,4153.18,NASDAQ
2014-01-08,4165.61,NASDAQ
2014-01-09,4156.19,NASDAQ
2014-01-10,4174.66,NASDAQ
2014-01-13,4113.3,NASDAQ
2014-01-14,4183.02,NASDAQ
2014-01-15,4214.88,NASDAQ
2014-01-16,4218.69,NASDAQ
2014-01-17,4197.58,NASDAQ
2014-01-21,4225.76,NASDAQ
2014-01-22,4243.0,NASDAQ
2014-01-23,4218.87,NASDAQ
2014-01-24,4128.17,NASDAQ
2014-01-27,4083.61,NASDAQ
2014-01-28,4097.96,NASDAQ
2014-01-29,4051.43,NASDAQ
2014-01-30,4123.13,NASDAQ
2014-01-31,4103.88,NASDAQ
2014-02-03,3996.96,NASDAQ
2014-02-04,4031.52,NASDAQ
2014-02-05,4011.55,NASDAQ
2014-02-06,4057.12,NASDAQ
2014-02-07,4125.86,NASDAQ
2014-02-10,4148.17,NASDAQ
2014-02-11,4191.05,NASDAQ
2014-02-12,4201.29,NASDAQ
2014-02-13,4240.67,NASDAQ
2014-02-14,4244.03,NASDAQ
2014-02-18,4272.78,NASDAQ
2014-02-19,4237.95,NASDAQ
2014-02-20,4267.55,NASDAQ
2014-02-21,4263.41,NASDAQ
2014-02-24,4292.97,NASDAQ
2014-02-25,4287.59,NASDAQ
2014-02-26,4292.06,NASDAQ
2014-02-27,4318.93,NASDAQ
2014-02-28,4308.12,NASDAQ
2014-03-03,4277.3,NASDAQ
2014-03-04,4351.97,NASDAQ
2014-03-05,4357.97,NASDAQ
2014-03-06,4352.13,NASDAQ
2014-03-07,4336.22,NASDAQ
2014-03-10,4334.45,NASDAQ
2014-03-11,4307.19,NASDAQ
2014-03-12,4323.33,NASDAQ
2014-03-13,4260.42,NASDAQ
2014-03-14,4245.4,NASDAQ
2014-03-17,4279.95,NASDAQ
2014-03-18,4333.31,NASDAQ
2014-03-19,4307.6,NASDAQ
2014-03-20,4319.29,NASDAQ
2014-03-21,4276.79,NASDAQ
2014-03-24,4226.39,NASDAQ
2014-03-25,4234.27,NASDAQ
2014-03-26,4173.58,NASDAQ
2014-03-27,4151.23,NASDAQ
2014-03-28,4155.76,NASDAQ
2014-03-31,4198.99,NASDAQ
2014-04-01,4268.04,NASDAQ
2014-04-02,4276.46,NASDAQ
2014-04-03,4237.74,NASDAQ
2014-04-04,4127.73,NASDAQ
2014-04-07,4079.75,NASDAQ
2014-04-08,4112.99,NASDAQ
2014-04-09,4183.9,NASDAQ
2014-04-10,4054.11,NASDAQ
2014-04-11,3999.73,NASDAQ
2014-04-14,4022.69,NASDAQ
2014-04-15,4034.16,NASDAQ
2014-04-16,4086.23,NASDAQ
2014-04-17,4095.52,NASDAQ
2014-04-21,4121.55,NASDAQ
2014-04-22,4161.46,NASDAQ
2014-04-23,4126.97,NASDAQ
2014-04-24,4148.34,NASDAQ
2014-04-25,4075.56,NASDAQ
2014-04-28,4074.4,NASDAQ
2014-04-29,4103.54,NASDAQ
2014-04-30,4114.56,NASDAQ
2014-05-01,4127.45,NASDAQ
2014-05-02,4123.9,NASDAQ
2014-05-05,4138.06,NASDAQ
2014-05-06,4080.76,NASDAQ
2014-05-07,4067.67,NASDAQ
2014-05-08,4051.5,NASDAQ
2014-05-09,4071.87,NASDAQ
2014-05-12,4143.86,NASDAQ
2014-05-13,4130.17,NASDAQ
2014-05-14,4100.63,NASDAQ
2014-05-15,4069.29,NASDAQ
2014-05-16,4090.59,NASDAQ
2014-05-19,4125.82,NASDAQ
2014-05-20,4096.89,NASDAQ
2014-05-21,4131.54,NASDAQ
2014-05-22,4154.34,NASDAQ
2014-05-23,4185.81,NASDAQ
2014-05-27,4237.07,NASDAQ
2014-05-28,4225.07,NASDAQ
2014-05-29,4247.95,NASDAQ
2014-05-30,4242.62,NASDAQ
2014-06-02,4237.2,NASDAQ
2014-06-03,4234.08,NASDAQ
2014-06-04,4251.64,NASDAQ
2014-06-05,4296.23,NASDAQ
2014-06-06,4321.4,NASDAQ
2014-06-09,4336.24,NASDAQ
2014-06-10,4338.0,NASDAQ
2014-06-11,4331.93,NASDAQ
2014-06-12,4297.63,NASDAQ
2014-06-13,4310.65,NASDAQ
2014-06-16,4321.11,NASDAQ
2014-06-17,4337.23,NASDAQ
2014-06-18,4362.84,NASDAQ
2014-06-19,4359.33,NASDAQ
2014-06-20,4368.04,NASDAQ
2014-06-23,4368.68,NASDAQ
2014-06-24,4350.36,NASDAQ
2014-06-25,4379.76,NASDAQ
2014-06-26,4379.05,NASDAQ
2014-06-27,4397.93,NASDAQ
2014-06-30,4408.18,NASDAQ
2014-07-01,4458.65,NASDAQ
2014-07-02,4457.73,NASDAQ
2014-07-03,4485.93,NASDAQ
2014-07-07,4451.53,NASDAQ
2014-07-08,4391.46,NASDAQ
2014-07-09,4419.03,NASDAQ
2014-07-10,4396.2,NASDAQ
2014-07-11,4415.49,NASDAQ
2014-07-14,4440.42,NASDAQ
2014-07-15,4416.39,NASDAQ
2014-07-16,4425.97,NASDAQ
2014-07-17,4363.45,NASDAQ
2014-07-18,4432.15,NASDAQ
2014-07-21,4424.7,NASDAQ
2014-07-22,4456.02,NASDAQ
2014-07-23,4473.7,NASDAQ
2014-07-24,4472.11,NASDAQ
2014-07-25,4449.56,NASDAQ
2014-07-28,4444.91,NASDAQ
2014-07-29,4442.7,NASDAQ
2014-07-30,4462.9,NASDAQ
2014-07-31,4369.77,NASDAQ
2014-08-01,4352.64,NASDAQ
2014-08-04,4383.89,NASDAQ
2014-08-05,4352.84,NASDAQ
2014-08-06,4355.05,NASDAQ
2014-08-07,4334.97,NASDAQ
2014-08-08,4370.9,NASDAQ
2014-08-11,4401.33,NASDAQ
2014-08-12,4389.25,NASDAQ
2014-08-13,4434.13,NASDAQ
2014-08-14,4453.0,NASDAQ
2014-08-15,4464.93,NASDAQ
2014-08-18,4508.31,NASDAQ
2014-08-19,4527.51,NASDAQ
2014-08-20,4526.48,NASDAQ
2014-08-21,4532.1,NASDAQ
2014-08-22,4538.55,NASDAQ
2014-08-25,4557.35,NASDAQ
2014-08-26,4570.64,NASDAQ
2014-08-27,4569.62,NASDAQ
2014-08-28,4557.69,NASDAQ
2014-08-29,4580.27,NASDAQ
2014-09-02,4598.19,NASDAQ
2014-09-03,4572.57,NASDAQ
2014-09-04,4562.29,NASDAQ
2014-09-05,4582.9,NASDAQ
2014-09-08,4592.29,NASDAQ
2014-09-09,4552.29,NASDAQ
2014-09-10,4586.52,NASDAQ
2014-09-11,4591.81,NASDAQ
2014-09-12,4567.6,NASDAQ
2014-09-15,4518.9,NASDAQ
2014-09-16,4552.76,NASDAQ
2014-09-17,4562.19,NASDAQ
2014-09-18,4593.43,NASDAQ
2014-09-19,4579.79,NASDAQ
2014-09-22,4527.69,NASDAQ
2014-09-23,4508.69,NASDAQ
2014-09-24,4555.22,NASDAQ
2014-09-25,4466.75,NASDAQ
2014-09-26,4512.19,NASDAQ
2014-09-29,4505.85,NASDAQ
2014-09-30,4493.39,NASDAQ
2014-10-01,4422.09,NASDAQ
2014-10-02,4430.19,NASDAQ
2014-10-03,4475.62,NASDAQ
2014-10-06,4454.8,NASDAQ
2014-10-07,4385.2,NASDAQ
2014-10-08,4468.59,NASDAQ
2014-10-09,4378.34,NASDAQ
2014-10-10,4276.24,NASDAQ
2014-10-13,4213.66,NASDAQ
2014-10-14,4227.17,NASDAQ
2014-10-15,4215.32,NASDAQ
2014-10-16,4217.39,NASDAQ
2014-10-17,4258.44,NASDAQ
2014-10-20,4316.07,NASDAQ
2014-10-21,4419.48,NASDAQ
2014-10-22,4382.85,NASDAQ
2014-10-23,4452.79,NASDAQ
2014-10-24,4483.72,NASDAQ
2014-10-27,4485.93,NASDAQ
2014-10-28,4564.29,NASDAQ
2014-10-29,4549.23,NASDAQ
2014-10-30,4566.14,NASDAQ
2014-10-31,4630.74,NASDAQ
2014-11-03,4638.91,NASDAQ
2014-11-04,4623.64,NASDAQ
2014-11-05,4620.72,NASDAQ
2014-11-06,4638.47,NASDAQ
2014-11-07,4632.53,NASDAQ
2014-11-10,4651.62,NASDAQ
2014-11-11,4660.56,NASDAQ
2014-11-12,4675.14,NASDAQ
2014-11-13,4680.14,NASDAQ
2014-11-14,4688.54,NASDAQ
2014-11-17,4671.0,NASDAQ
2014-11-18,4702.44,NASDAQ
2014-11-19,4675.71,NASDAQ
2014-11-20,4701.87,NASDAQ
2014-11-21,4712.97,NASDAQ
2014-11-24,4754.89,NASDAQ
2014-11-25,4758.25,NASDAQ
2014-11-26,4787.32,NASDAQ
2014-11-28,4791.63,NASDAQ
2014-12-01,4727.35,NASDAQ
2014-12-02,4755.81,NASDAQ
2014-12-03,4774.47,NASDAQ
2014-12-04,4769.44,NASDAQ
2014-12-05,4780.76,NASDAQ
2014-12-08,4740.69,NASDAQ
2014-12-09,4766.47,NASDAQ
2014-12-10,4684.03,NASDAQ
2014-12-11,4708.16,NASDAQ
2014-12-12,4653.6,NASDAQ
2014-12-15,4605.16,NASDAQ
2014-12-16,4547.83,NASDAQ
2014-12-17,4644.31,NASDAQ
2014-12-18,4748.4,NASDAQ
2014-12-19,4765.38,NASDAQ
2014-12-22,4781.42,NASDAQ
2014-12-23,4765.42,NASDAQ
2014-12-24,4773.47,NASDAQ
2014-12-26,4806.86,NASDAQ
2014-12-29,4806.91,NASDAQ
2014-12-30,4777.44,NASDAQ
2014-12-31,4736.05,NASDAQ
2015-01-02,4726.81,NASDAQ
2015-01-05,4652.57,NASDAQ
2015-01-06,4592.74,NASDAQ
2015-01-07,4650.47,NASDAQ
2015-01-08,4736.19,NASDAQ
2015-01-09,4704.07,NASDAQ
2015-01-12,4664.71,NASDAQ
2015-01-13,4661.5,NASDAQ
2015-01-14,4639.32,NASDAQ
2015-01-15,4570.82,NASDAQ
2015-01-16,4634.38,NASDAQ
2015-01-20,4654.85,NASDAQ
2015-01-21,4667.42,NASDAQ
2015-01-22,4750.4,NASDAQ
2015-01-23,4757.88,NASDAQ
2015-01-26,4771.76,NASDAQ
2015-01-27,4681.5,NASDAQ
2015-01-28,4637.99,NASDAQ
2015-01-29,4683.41,NASDAQ
2015-01-30,4635.24,NASDAQ
2015-02-02,4676.69,NASDAQ
2015-02-03,4727.74,NASDAQ
2015-02-04,4716.7,NASDAQ
2015-02-05,4765.1,NASDAQ
2015-02-06,4744.4,NASDAQ
2015-02-09,4726.01,NASDAQ
2015-02-10,4787.65,NASDAQ
2015-02-11,4801.18,NASDAQ
2015-02-12,4857.61,NASDAQ
2015-02-13,4893.84,NASDAQ
2015-02-17,4899.27,NASDAQ
2015-02-18,4906.36,NASDAQ
2015-02-19,4924.7,NASDAQ
2015-02-20,4955.97,NASDAQ
2015-02-23,4960.97,NASDAQ
2015-02-24,4968.12,NASDAQ
2015-02-25,4967.14,NASDAQ
2015-02-26,4987.89,NASDAQ
2015-02-27,4963.53,NASDAQ
2015-03-02,5008.1,NASDAQ
2015-03-03,4979.9,NASDAQ
2015-03-04,4967.14,NASDAQ
2015-03-05,4982.81,NASDAQ
2015-03-06,4927.37,NASDAQ
2015-03-09,4942.44,NASDAQ
2015-03-10,4859.8,NASDAQ
2015-03-11,4849.94,NASDAQ
2015-03-12,4893.29,NASDAQ
2015-03-13,4871.76,NASDAQ
2015-03-16,4929.51,NASDAQ
2015-03-17,4937.43,NASDAQ
2015-03-18,4982.83,NASDAQ
2015-03-19,4992.38,NASDAQ
2015-03-20,5026.42,NASDAQ
2015-03-23,5010.97,NASDAQ
2015-03-24,4994.73,NASDAQ
2015-03-25,4876.52,NASDAQ
2015-03-26,4863.36,NASDAQ
2015-03-27,4891.22,NASDAQ
2015-03-30,4947.44,NASDAQ
2015-03-31,4900.89,NASDAQ
2015-04-01,4880.23,NASDAQ
2015-04-02,4886.94,NASDAQ
2015-04-06,4917.32,NASDAQ
2015-04-07,4910.23,NASDAQ
2015-04-08,4950.82,NASDAQ
2015-04-09,4974.57,NASDAQ
2015-04-10,4995.98,NASDAQ
2015-04-13,4988.25,NASDAQ
2015-04-14,4977.29,NASDAQ
2015-04-15,5011.02,NASDAQ
2015-04-16,5007.79,NASDAQ
2015-04-17,4931.82,NASDAQ
2015-04-20,4994.6,NASDAQ
2015-04-21,5014.1,NASDAQ
2015-04-22,5035.17,NASDAQ
2015-04-23,5056.06,NASDAQ
2015-04-24,5092.09,NASDAQ
2015-04-27,5060.25,NASDAQ
2015-04-28,5055.42,NASDAQ
2015-04-29,5023.64,NASDAQ
2015-04-30,4941.42,NASDAQ
2015-05-01,5005.39,NASDAQ
2015-05-04,5016.93,NASDAQ
2015-05-05,4939.33,NASDAQ
2015-05-06,4919.64,NASDAQ
2015-05-07,4945.55,NASDAQ
2015-05-08,5003.55,NASDAQ
2015-05-11,4993.57,NASDAQ
2015-05-12,4976.19,NASDAQ
2015-05-13,4981.69,NASDAQ
2015-05-14,5050.8,NASDAQ
2015-05-15,5048.29,NASDAQ
2015-05-18,5078.44,NASDAQ
2015-05-19,5070.03,NASDAQ
2015-05-20,5071.74,NASDAQ
2015-05-21,5090.79,NASDAQ
2015-05-22,5089.36,NASDAQ
2015-05-26,5032.75,NASDAQ
2015-05-27,5106.59,NASDAQ
2015-05-28,5097.98,NASDAQ
2015-05-29,5070.03,NASDAQ
2015-06-01,5082.93,NASDAQ
2015-06-02,5076.52,NASDAQ
2015-06-03,5099.23,NASDAQ
2015-06-04,5059.13,NASDAQ
2015-06-05,5068.46,NASDAQ
2015-06-08,5021.63,NASDAQ
2015-06-09,5013.87,NASDAQ
2015-06-10,5076.69,NASDAQ
2015-06-11,5082.51,NASDAQ
2015-06-12,5051.1,NASDAQ
2015-06-15,5029.97,NASDAQ
2015-06-16,5055.55,NASDAQ
2015-06-17,5064.88,NASDAQ
2015-06-18,5132.95,NASDAQ
2015-06-19,5117.0,NASDAQ
2015-06-22,5153.97,NASDAQ
2015-06-23,5160.1,NASDAQ
2015-06-24,5122.41,NASDAQ
2015-06-25,5112.19,NASDAQ
2015-06-26,5080.51,NASDAQ
2015-06-29,4958.47,NASDAQ
2015-06-30,4986.87,NASDAQ
2015-07-01,5013.12,NASDAQ
2015-07-02,5009.21,NASDAQ
2015-07-06,4991.94,NASDAQ
2015-07-07,4997.46,NASDAQ
2015-07-08,4909.76,NASDAQ
2015-07-09,4922.4,NASDAQ
2015-07-10,4997.7,NASDAQ
2015-07-13,5071.51,NASDAQ
2015-07-14,5104.89,NASDAQ
2015-07-15,5098.94,NASDAQ
2015-07-16,5163.18,NASDAQ
2015-07-17,5210.14,NASDAQ
2015-07-20,5218.86,NASDAQ
2015-07-21,5208.12,NASDAQ
2015-07-22,5171.77,NASDAQ
2015-07-23,5146.41,NASDAQ
2015-07-24,5088.63,NASDAQ
2015-07-27,5039.78,NASDAQ
2015-07-28,5089.21,NASDAQ
2015-07-29,5111.73,NASDAQ
2015-07-30,5128.79,NASDAQ
2015-07-31,5128.28,NASDAQ
2015-08-03,5115.38,NASDAQ
2015-08-04,5105.55,NASDAQ
2015-08-05,5139.95,NASDAQ
2015-08-06,5056.44,NASDAQ
2015-08-07,5043.54,NASDAQ
2015-08-10,5101.8,NASDAQ
2015-08-11,5036.79,NASDAQ
2015-08-12,5044.39,NASDAQ
2015-08-13,5033.56,NASDAQ
2015-08-14,5048.24,NASDAQ
2015-08-17,5091.7,NASDAQ
2015-08-18,5059.35,NASDAQ
2015-08-19,5019.05,NASDAQ
2015-08-20,4877.49,NASDAQ
2015-08-21,4706.04,NASDAQ
2015-08-24,4526.25,NASDAQ
2015-08-25,4506.49,NASDAQ
2015-08-26,4697.54,NASDAQ
2015-08-27,4812.71,NASDAQ
2015-08-28,4828.33,NASDAQ
2015-08-31,4776.51,NASDAQ
2015-09-01,4636.11,NASDAQ
2015-09-02,4749.98,NASDAQ
2015-09-03,4733.5,NASDAQ
2015-09-04,4683.92,NASDAQ
2015-09-08,4811.93,NASDAQ
2015-09-09,4756.53,NASDAQ
2015-09-10,4796.25,NASDAQ
2015-09-11,4822.34,NASDAQ
2015-09-14,4805.76,NASDAQ
2015-09-15,4860.52,NASDAQ
2015-09-16,4889.24,NASDAQ
2015-09-17,4893.95,NASDAQ
2015-09-18,4827.23,NASDAQ
2015-09-21,4828.96,NASDAQ
2015-09-22,4756.72,NASDAQ
2015-09-23,4752.74,NASDAQ
2015-09-24,4734.48,NASDAQ
2015-09-25,4686.5,NASDAQ
2015-09-28,4543.97,NASDAQ
2015-09-29,4517.32,NASDAQ
2015-09-30,4620.17,NASDAQ
2015-10-01,4627.08,NASDAQ
2015-10-02,4707.78,NASDAQ
2015-10-05,4781.26,NASDAQ
2015-10-06,4748.36,NASDAQ
2015-10-07,4791.15,NASDAQ
2015-10-08,4810.79,NASDAQ
2015-10-09,4830.47,NASDAQ
2015-10-12,4838.64,NASDAQ
2015-10-13,4796.61,NASDAQ
2015-10-14,4782.85,NASDAQ
2015-10-15,4870.1,NASDAQ
2015-10-16,4886.69,NASDAQ
2015-10-19,4905.47,NASDAQ
2015-10-20,4880.97,NASDAQ
2015-10-21,4840.12,NASDAQ
2015-10-22,4920.05,NASDAQ
2015-10-23,5031.86,NASDAQ
2015-10-26,5034.7,NASDAQ
2015-10-27,5030.15,NASDAQ
2015-10-28,5095.69,NASDAQ
2015-10-29,5074.27,NASDAQ
2015-10-30,5053.75,NASDAQ
2015-11-02,5127.15,NASDAQ
2015-11-03,5145.13,NASDAQ
2015-11-04,5142.48,NASDAQ
2015-11-05,5127.74,NASDAQ
2015-11-06,5147.12,NASDAQ
2015-11-09,5095.3,NASDAQ
2015-11-10,5083.24,NASDAQ
2015-11-11,5067.02,NASDAQ
2015-11-12,5005.08,NASDAQ
2015-11-13,4927.88,NASDAQ
2015-11-16,4984.62,NASDAQ
2015-11-17,4986.02,NASDAQ
2015-11-18,5075.2,NASDAQ
2015-11-19,5073.64,NASDAQ
2015-11-20,5104.92,NASDAQ
2015-11-23,5102.48,NASDAQ
2015-11-24,5102.81,NASDAQ
2015-11-25,5116.14,NASDAQ
2015-11-27,5127.53,NASDAQ
2015-11-30,5108.67,NASDAQ
2015-12-01,5156.31,NASDAQ
2015-12-02,5123.22,NASDAQ
2015-12-03,5037.53,NASDAQ
2015-12-04,5142.27,NASDAQ
2015-12-07,5101.81,NASDAQ
2015-12-08,5098.24,NASDAQ
2015-12-09,5022.87,NASDAQ
2015-12-10,5045.17,NASDAQ
2015-12-11,4933.47,NASDAQ
2015-12-14,4952.23,NASDAQ
2015-12-15,4995.36,NASDAQ
2015-12-16,5071.13,NASDAQ
2015-12-17,5002.55,NASDAQ
2015-12-18,4923.08,NASDAQ
2015-12-21,4968.92,NASDAQ
2015-12-22,5001.11,NASDAQ
2015-12-23,5045.93,NASDAQ
2015-12-24,5048.49,NASDAQ
2015-12-28,5040.99,NASDAQ
2015-12-29,5107.94,NASDAQ
2015-12-30,5065.85,NASDAQ
2015-12-31,5007.41,NASDAQ
2016-01-04,4903.09,NASDAQ
2016-01-05,4891.43,NASDAQ
2016-01-06,4835.77,NASDAQ
2016-01-07,4689.43,NASDAQ
2016-01-08,4643.63,NASDAQ
2016-01-11,4637.99,NASDAQ
2016-01-12,4685.92,NASDAQ
2016-01-13,4526.07,NASDAQ
2016-01-14,4615.0,NASDAQ
2016-01-15,4488.42,NASDAQ
2016-01-19,4476.95,NASDAQ
2016-01-20,4471.69,NASDAQ
2016-01-21,4472.06,NASDAQ
2016-01-22,4591.18,NASDAQ
2016-01-25,4518.49,NASDAQ
2016-01-26,4567.67,NASDAQ
2016-01-27,4468.17,NASDAQ
2016-01-28,4506.68,NASDAQ
2016-01-29,4613.95,NASDAQ
2016-02-01,4620.37,NASDAQ
2016-02-02,4516.95,NASDAQ
2016-02-03,4504.24,NASDAQ
2016-02-04,4509.56,NASDAQ
2016-02-05,4363.14,NASDAQ
2016-02-08,4283.75,NASDAQ
2016-02-09,4268.76,NASDAQ
2016-02-10,4283.59,NASDAQ
2016-02-11,4266.84,NASDAQ
2016-02-12,4337.51,NASDAQ
2016-02-16,4435.96,NASDAQ
2016-02-17,4534.07,NASDAQ
2016-02-18,4487.54,NASDAQ
2016-02-19,4504.43,NASDAQ
2016-02-22,4570.61,NASDAQ
2016-02-23,4503.58,NASDAQ
2016-02-24,4542.61,NASDAQ
2016-02-25,4582.21,NASDAQ
2016-02-26,4590.47,NASDAQ
2016-02-29,4557.95,NASDAQ
2016-03-01,4689.6,NASDAQ
2016-03-02,4703.42,NASDAQ
2016-03-03,4707.42,NASDAQ
2016-03-04,4717.02,NASDAQ
2016-03-07,4708.25,NASDAQ
2016-03-08,4648.83,NASDAQ
2016-03-09,4674.38,NASDAQ
2016-03-10,4662.16,NASDAQ
2016-03-11,4748.47,NASDAQ
2016-03-14,4750.28,NASDAQ
2016-03-15,4728.67,NASDAQ
2016-03-16,4763.97,NASDAQ
2016-03-17,4774.99,NASDAQ
2016-03-18,4795.65,NASDAQ
2016-03-21,4808.87,NASDAQ
2016-03-22,4821.66,NASDAQ
2016-03-23,4768.86,NASDAQ
2016-03-24,4773.51,NASDAQ
2016-03-28,4766.79,NASDAQ
2016-03-29,4846.62,NASDAQ
2016-03-30,4869.29,NASDAQ
2016-03-31,4869.85,NASDAQ
2016-04-01,4914.54,NASDAQ
2016-04-04,4891.8,NASDAQ
2016-04-05,4843.93,NASDAQ
2016-04-06,4920.72,NASDAQ
2016-04-07,4848.37,NASDAQ
2016-04-08,4850.69,NASDAQ
2016-04-11,4833.4,NASDAQ
2016-04-12,4872.09,NASDAQ
2016-04-13,4947.42,NASDAQ
2016-04-14,4945.89,NASDAQ
2016-04-15,4938.22,NASDAQ
2016-04-18,4960.02,NASDAQ
2016-04-19,4940.33,NASDAQ
2016-04-20,4948.13,NASDAQ
2016-04-21,4945.89,NASDAQ
2016-04-22,4906.23,NASDAQ
2016-04-25,4895.79,NASDAQ
2016-04-26,4888.31,NASDAQ
2016-04-27,4863.14,NASDAQ
2016-04-28,4805.29,NASDAQ
2016-04-29,4775.36,NASDAQ
2016-05-02,4817.59,NASDAQ
2016-05-03,4763.22,NASDAQ
2016-05-04,4725.64,NASDAQ
2016-05-05,4717.09,NASDAQ
2016-05-06,4736.16,NASDAQ
2016-05-09,4750.21,NASDAQ
2016-05-10,4809.88,NASDAQ
2016-05-11,4760.69,NASDAQ
2016-05-12,4737.33,NASDAQ
2016-05-13,4717.68,NASDAQ
2016-05-16,4775.46,NASDAQ
2016-05-17,4715.73,NASDAQ
2016-05-18,4739.12,NASDAQ
2016-05-19,4712.53,NASDAQ
2016-05-20,4769.56,NASDAQ
2016-05-23,4765.78,NASDAQ
2016-05-24,4861.06,NASDAQ
2016-05-25,4894.89,NASDAQ
2016-05-26,4901.77,NASDAQ
2016-05-27,4933.51,NASDAQ
2016-05-31,4948.06,NASDAQ
2016-06-01,4952.25,NASDAQ
2016-06-02,4971.36,NASDAQ
2016-06-03,4942.52,NASDAQ
2016-06-06,4968.71,NASDAQ
2016-06-07,4961.75,NASDAQ
2016-06-08,4974.64,NASDAQ
2016-06-09,4958.62,NASDAQ
2016-06-10,4894.55,NASDAQ
2016-06-13,4848.44,NASDAQ
2016-06-14,4843.55,NASDAQ
2016-06-15,4834.93,NASDAQ
2016-06-16,4844.92,NASDAQ
2016-06-17,4800.34,NASDAQ
2016-06-20,4837.21,NASDAQ
2016-06-21,4843.76,NASDAQ
2016-06-22,4833.32,NASDAQ
2016-06-23,4910.04,NASDAQ
2016-06-24,4707.98,NASDAQ
2016-06-27,4594.44,NASDAQ
2016-06-28,4691.87,NASDAQ
2016-06-29,4779.25,NASDAQ
2016-06-30,4842.67,NASDAQ
2016-07-01,4862.57,NASDAQ
2016-07-05,4822.9,NASDAQ
2016-07-06,4859.16,NASDAQ
2016-07-07,4876.81,NASDAQ
2016-07-08,4956.76,NASDAQ
2016-07-11,4988.64,NASDAQ
2016-07-12,5022.82,NASDAQ
2016-07-13,5005.73,NASDAQ
2016-07-14,5034.06,NASDAQ
2016-07-15,5029.59,NASDAQ
2016-07-18,5055.78,NASDAQ
2016-07-19,5036.37,NASDAQ
2016-07-20,5089.93,NASDAQ
2016-07-21,5073.9,NASDAQ
2016-07-22,5100.16,NASDAQ
2016-07-25,5097.63,NASDAQ
2016-07-26,5110.05,NASDAQ
2016-07-27,5139.81,NASDAQ
2016-07-28,5154.98,NASDAQ
2016-07-29,5162.13,NASDAQ
2016-08-01,5184.2,NASDAQ
2016-08-02,5137.73,NASDAQ
2016-08-03,5159.74,NASDAQ
2016-08-04,5166.25,NASDAQ
2016-08-05,5221.12,NASDAQ
2016-08-08,5213.14,NASDAQ
2016-08-09,5225.48,NASDAQ
2016-08-10,5204.59,NASDAQ
2016-08-11,5228.4,NASDAQ
2016-08-12,5232.9,NASDAQ
2016-08-15,5262.02,NASDAQ
2016-08-16,5227.11,NASDAQ
2016-08-17,5228.66,NASDAQ
2016-08-18,5240.15,NASDAQ
2016-08-19,5238.38,NASDAQ
2016-08-22,5244.6,NASDAQ
2016-08-23,5260.08,NASDAQ
2016-08-24,5217.7,NASDAQ
2016-08-25,5212.2,NASDAQ
2016-08-26,5218.92,NASDAQ
2016-08-29,5232.33,NASDAQ
2016-08-30,5222.99,NASDAQ
2016-08-31,5213.22,NASDAQ
2016-09-01,5227.21,NASDAQ
2016-09-02,5249.9,NASDAQ
2016-09-06,5275.91,NASDAQ
2016-09-07,5283.93,NASDAQ
2016-09-08,5259.48,NASDAQ
2016-09-09,5125.91,NASDAQ
2016-09-12,5211.89,NASDAQ
2016-09-13,5155.26,NASDAQ
2016-09-14,5173.77,NASDAQ
2016-09-15,5249.69,NASDAQ
2016-09-16,5244.57,NASDAQ
2016-09-19,5235.03,NASDAQ
2016-09-20,5241.35,NASDAQ
2016-09-21,5295.18,NASDAQ
2016-09-22,5339.52,NASDAQ
2016-09-23,5305.75,NASDAQ
2016-09-26,5257.49,NASDAQ
2016-09-27,5305.71,NASDAQ
2016-09-28,5318.55,NASDAQ
2016-09-29,5269.16,NASDAQ
2016-09-30,5312.0,NASDAQ
2016-10-03,5300.88,NASDAQ
2016-10-04,5289.66,NASDAQ
2016-10-05,5316.02,NASDAQ
2016-10-06,5306.85,NASDAQ
2016-10-07,5292.41,NASDAQ
2016-10-10,5328.68,NASDAQ
2016-10-11,5246.79,NASDAQ
2016-10-12,5239.02,NASDAQ
2016-10-13,5213.33,NASDAQ
2016-10-14,5214.16,NASDAQ
2016-10-17,5199.82,NASDAQ
2016-10-18,5243.84,NASDAQ
2016-10-19,5246.41,NASDAQ
2016-10-20,5241.83,NASDAQ
2016-10-21,5257.4,NASDAQ
2016-10-24,5309.83,NASDAQ
2016-10-25,5283.4,NASDAQ
2016-10-26,5250.27,NASDAQ
2016-10-27,5215.97,NASDAQ
2016-10-28,5190.1,NASDAQ
2016-10-31,5189.14,NASDAQ
2016-11-01,5153.58,NASDAQ
2016-11-02,5105.57,NASDAQ
2016-11-03,5058.41,NASDAQ
2016-11-04,5046.37,NASDAQ
2016-11-07,5166.17,NASDAQ
2016-11-08,5193.49,NASDAQ
2016-11-09,5251.07,NASDAQ
2016-11-10,5208.8,NASDAQ
2016-11-11,5237.11,NASDAQ
2016-11-14,5218.4,NASDAQ
2016-11-15,5275.62,NASDAQ
2016-11-16,5294.58,NASDAQ
2016-11-17,5333.97,NASDAQ
2016-11-18,5321.51,NASDAQ
2016-11-21,5368.86,NASDAQ
2016-11-22,5386.35,NASDAQ
2016-11-23,5380.68,NASDAQ
2016-11-25,5398.92,NASDAQ
2016-11-28,5368.81,NASDAQ
2016-11-29,5379.92,NASDAQ
2016-11-30,5323.68,NASDAQ
2016-12-01,5251.11,NASDAQ
2016-12-02,5255.65,NASDAQ
2016-12-05,5308.89,NASDAQ
2016-12-06,5333.0,NASDAQ
2016-12-07,5393.76,NASDAQ
2016-12-08,5417.36,NASDAQ
2016-12-09,5444.5,NASDAQ
2016-12-12,5412.54,NASDAQ
2016-12-13,5463.83,NASDAQ
2016-12-14,5436.67,NASDAQ
2016-12-15,5456.86,NASDAQ
2016-12-16,5437.16,NASDAQ
2016-12-19,5457.44,NASDAQ
2016-12-20,5483.94,NASDAQ
2016-12-21,5471.43,NASDAQ
2016-12-22,5447.42,NASDAQ
2016-12-23,5462.69,NASDAQ
2016-12-27,5487.44,NASDAQ
2016-12-28,5438.56,NASDAQ
2016-12-29,5432.09,NASDAQ
2016-12-30,5383.12,NASDAQ
2017-01-03,5429.08,NASDAQ
2017-01-04,5477.01,NASDAQ
2017-01-05,5487.94,NASDAQ
2017-01-06,5521.06,NASDAQ
2017-01-09,5531.82,NASDAQ
2017-01-10,5551.82,NASDAQ
2017-01-11,5563.65,NASDAQ
2017-01-12,5547.49,NASDAQ
2017-01-13,5574.12,NASDAQ
2017-01-17,5538.73,NASDAQ
2017-01-18,5555.65,NASDAQ
2017-01-19,5540.08,NASDAQ
2017-01-20,5555.33,NASDAQ
2017-01-23,5552.94,NASDAQ
2017-01-24,5600.96,NASDAQ
2017-01-25,5656.34,NASDAQ
2017-01-26,5655.18,NASDAQ
2017-01-27,5660.78,NASDAQ
2017-01-30,5613.71,NASDAQ
2017-01-31,5614.79,NASDAQ
2017-02-01,5642.65,NASDAQ
2017-02-02,5636.2,NASDAQ
2017-02-03,5666.77,NASDAQ
2017-02-06,5663.55,NASDAQ
2017-02-07,5674.22,NASDAQ
2017-02-08,5682.45,NASDAQ
2017-02-09,5715.18,NASDAQ
2017-02-10,5734.13,NASDAQ
2017-02-13,5763.96,NASDAQ
2017-02-14,5782.57,NASDAQ
2017-02-15,5819.44,NASDAQ
2017-02-16,5814.9,NASDAQ
2017-02-17,5838.58,NASDAQ
2017-02-21,5865.95,NASDAQ
2017-02-22,5860.63,NASDAQ
2017-02-23,5835.51,NASDAQ
2017-02-24,5845.31,NASDAQ
2017-02-27,5861.9,NASDAQ
2017-02-28,5825.44,NASDAQ
2017-03-01,5904.03,NASDAQ
2017-03-02,5861.22,NASDAQ
2017-03-03,5870.75,NASDAQ
2017-03-06,5849.18,NASDAQ
2017-03-07,5833.93,NASDAQ
2017-03-08,5837.55,NASDAQ
2017-03-09,5838.81,NASDAQ
2017-03-10,5861.73,NASDAQ
2017-03-13,5875.78,NASDAQ
2017-03-14,5856.82,NASDAQ
2017-03-15,5900.05,NASDAQ
2017-03-16,5900.76,NASDAQ
2017-03-17,5901.0,NASDAQ
2017-03-20,5901.53,NASDAQ
2017-03-21,5793.83,NASDAQ
2017-03-22,5821.64,NASDAQ
2017-03-23,5817.69,NASDAQ
2017-03-24,5828.74,NASDAQ
2017-03-27,5840.37,NASDAQ
2017-03-28,5875.14,NASDAQ
2017-03-29,5897.55,NASDAQ
2017-03-30,5914.34,NASDAQ
2017-03-31,5911.74,NASDAQ
2017-04-03,5894.68,NASDAQ
2017-04-04,5898.61,NASDAQ
2017-04-05,5864.48,NASDAQ
2017-04-06,5878.95,NASDAQ
2017-04-07,5877.81,NASDAQ
2017-04-10,5880.93,NASDAQ
2017-04-11,5866.77,NASDAQ
2017-04-12,5836.16,NASDAQ
2017-04-13,5805.15,NASDAQ
2017-04-17,5856.79,NASDAQ
2017-04-18,5849.47,NASDAQ
2017-04-19,5863.03,NASDAQ
2017-04-20,5916.78,NASDAQ
2017-04-21,5910.52,NASDAQ
2017-04-24,5983.82,NASDAQ
2017-04-25,6025.49,NASDAQ
2017-04-26,6025.23,NASDAQ
2017-04-27,6048.94,NASDAQ
2017-04-28,6047.61,NASDAQ
2017-05-01,6091.6,NASDAQ
2017-05-02,6095.37,NASDAQ
2017-05-03,6072.55,NASDAQ
2017-05-04,6075.34,NASDAQ
2017-05-05,6100.76,NASDAQ
2017-05-08,6102.66,NASDAQ
2017-05-09,6120.59,NASDAQ
2017-05-10,6129.14,NASDAQ
2017-05-11,6115.96,NASDAQ
2017-05-12,6121.23,NASDAQ
2017-05-15,6149.67,NASDAQ
2017-05-16,6169.87,NASDAQ
2017-05-17,6011.24,NASDAQ
2017-05-18,6055.13,NASDAQ
2017-05-19,6083.7,NASDAQ
2017-05-22,6133.62,NASDAQ
2017-05-23,6138.71,NASDAQ
2017-05-24,6163.02,NASDAQ
2017-05-25,6205.26,NASDAQ
2017-05-26,6210.19,NASDAQ
2017-05-30,6203.19,NASDAQ
2017-05-31,6198.52,NASDAQ
2017-06-01,6246.83,NASDAQ
2017-06-02,6305.8,NASDAQ
2017-06-05,6295.68,NASDAQ
2017-06-06,6275.06,NASDAQ
2017-06-07,6297.38,NASDAQ
2017-06-08,6321.76,NASDAQ
2017-06-09,6207.92,NASDAQ
2017-06-12,6175.47,NASDAQ
2017-06-13,6220.37,NASDAQ
2017-06-14,6194.89,NASDAQ
2017-06-15,6165.5,NASDAQ
2017-06-16,6151.76,NASDAQ
2017-06-19,6239.01,NASDAQ
2017-06-20,6188.03,NASDAQ
2017-06-21,6233.95,NASDAQ
2017-06-22,6236.69,NASDAQ
2017-06-23,6265.25,NASDAQ
2017-06-26,6247.15,NASDAQ
2017-06-27,6146.62,NASDAQ
2017-06-28,6234.41,NASDAQ
2017-06-29,6144.35,NASDAQ
2017-06-30,6140.42,NASDAQ
2017-07-03,6110.06,NASDAQ
2017-07-05,6150.86,NASDAQ
2017-07-06,6089.46,NASDAQ
2017-07-07,6153.08,NASDAQ
2017-07-10,6176.39,NASDAQ
2017-07-11,6193.3,NASDAQ
2017-07-12,6261.17,NASDAQ
2017-07-13,6274.44,NASDAQ
2017-07-14,6312.47,NASDAQ
2017-07-17,6314.43,NASDAQ
2017-07-18,6344.31,NASDAQ
2017-07-19,6385.04,NASDAQ
2017-07-20,6390.0,NASDAQ
2017-07-21,6387.75,NASDAQ
2017-07-24,6410.81,NASDAQ
2017-07-25,6412.17,NASDAQ
2017-07-26,6422.75,NASDAQ
2017-07-27,6382.19,NASDAQ
2017-07-28,6374.68,NASDAQ
2017-07-31,6348.12,NASDAQ
2017-08-01,6362.94,NASDAQ
2017-08-02,6362.65,NASDAQ
2017-08-03,6340.34,NASDAQ
2017-08-04,6351.56,NASDAQ
2017-08-07,6383.77,NASDAQ
2017-08-08,6370.46,NASDAQ
2017-08-09,6352.33,NASDAQ
2017-08-10,6216.87,NASDAQ
2017-08-11,6256.56,NASDAQ
2017-08-14,6340.23,NASDAQ
2017-08-15,6333.01,NASDAQ
2017-08-16,6345.11,NASDAQ
2017-08-17,6221.91,NASDAQ
2017-08-18,6216.53,NASDAQ
2017-08-21,6213.13,NASDAQ
2017-08-22,6297.48,NASDAQ
2017-08-23,6278.41,NASDAQ
2017-08-24,6271.33,NASDAQ
2017-08-25,6265.64,NASDAQ
2017-08-28,6283.02,NASDAQ
2017-08-29,6301.89,NASDAQ
2017-08-30,6368.31,NASDAQ
2017-08-31,6428.66,NASDAQ
2017-09-01,6435.33,NASDAQ
2017-09-05,6375.57,NASDAQ
2017-09-06,6393.31,NASDAQ
2017-09-07,6397.87,NASDAQ
2017-09-08,6360.19,NASDAQ
2017-09-11,6432.26,NASDAQ
2017-09-12,6454.28,NASDAQ
2017-09-13,6460.19,NASDAQ
2017-09-14,6429.08,NASDAQ
2017-09-15,6448.47,NASDAQ
2017-09-18,6454.64,NASDAQ
2017-09-19,6461.32,NASDAQ
2017-09-20,6456.04,NASDAQ
2017-09-21,6422.69,NASDAQ
2017-09-22,6426.92,NASDAQ
2017-09-25,6370.59,NASDAQ
2017-09-26,6380.16,NASDAQ
2017-09-27,6453.26,NASDAQ
2017-09-28,6453.45,NASDAQ
2017-09-29,6495.96,NASDAQ
2017-10-02,6516.72,NASDAQ
2017-10-03,6531.71,NASDAQ
2017-10-04,6534.63,NASDAQ
2017-10-05,6585.36,NASDAQ
2017-10-06,6590.18,NASDAQ
2017-10-09,6579.73,NASDAQ
2017-10-10,6587.25,NASDAQ
2017-10-11,6603.55,NASDAQ
2017-10-12,6591.51,NASDAQ
2017-10-13,6605.8,NASDAQ
2017-10-16,6624.0,NASDAQ
2017-10-17,6623.66,NASDAQ
2017-10-18,6624.22,NASDAQ
2017-10-19,6605.07,NASDAQ
2017-10-20,6629.05,NASDAQ
2017-10-23,6586.83,NASDAQ
2017-10-24,6598.43,NASDAQ
2017-10-25,6563.89,NASDAQ
2017-10-26,6556.77,NASDAQ
2017-10-27,6701.26,NASDAQ
2017-10-30,6698.96,NASDAQ
2017-10-31,6727.67,NASDAQ
2017-11-01,6716.53,NASDAQ
2017-11-02,6714.94,NASDAQ
2017-11-03,6764.44,NASDAQ
2017-11-06,6786.44,NASDAQ
2017-11-07,6767.78,NASDAQ
2017-11-08,6789.12,NASDAQ
2017-11-09,6750.05,NASDAQ
2017-11-10,6750.94,NASDAQ
2017-11-13,6757.6,NASDAQ
2017-11-14,6737.87,NASDAQ
2017-11-15,6706.21,NASDAQ
2017-11-16,6793.29,NASDAQ
2017-11-17,6782.79,NASDAQ
2017-11-20,6790.71,NASDAQ
2017-11-21,6862.48,NASDAQ
2017-11-22,6867.36,NASDAQ
2017-11-24,6889.16,NASDAQ
2017-11-27,6878.52,NASDAQ
2017-11-28,6912.36,NASDAQ
2017-11-29,6824.39,NASDAQ
2017-11-30,6873.97,NASDAQ
2017-12-01,6847.59,NASDAQ
2017-12-04,6775.37,NASDAQ
2017-12-05,6762.21,NASDAQ
2017-12-06,6776.38,NASDAQ
2017-12-07,6812.84,NASDAQ
2017-12-08,6840.08,NASDAQ
2017-12-11,6875.08,NASDAQ
2017-12-12,6862.32,NASDAQ
2017-12-13,6875.8,NASDAQ
2017-12-14,6856.53,NASDAQ
2017-12-15,6936.58,NASDAQ
2017-12-18,6994.76,NASDAQ
2017-12-19,6963.85,NASDAQ
2017-12-20,6960.96,NASDAQ
2017-12-21,6965.36,NASDAQ
2017-12-22,6959.96,NASDAQ
2017-12-26,6936.25,NASDAQ
2017-12-27,6939.34,NASDAQ
2017-12-28,6950.16,NASDAQ
2017-12-29,6903.39,NASDAQ
2018-01-02,7006.9,NASDAQ
2018-01-03,7065.53,NASDAQ
2018-01-04,7077.91,NASDAQ
2018-01-05,7136.56,NASDAQ
2018-01-08,7157.39,NASDAQ
2018-01-09,7163.58,NASDAQ
2018-01-10,7153.57,NASDAQ
2018-01-11,7211.78,NASDAQ
2018-01-12,7261.06,NASDAQ
2018-01-16,7223.69,NASDAQ
2018-01-17,7298.28,NASDAQ
2018-01-18,7296.05,NASDAQ
2018-01-19,7336.38,NASDAQ
2018-01-22,7408.03,NASDAQ
2018-01-23,7460.29,NASDAQ
2018-01-24,7415.06,NASDAQ
2018-01-25,7411.16,NASDAQ
2018-01-26,7505.77,NASDAQ
2018-01-29,7466.51,NASDAQ
2018-01-30,7402.48,NASDAQ
2018-01-31,7411.48,NASDAQ
2018-02-01,7385.86,NASDAQ
2018-02-02,7240.95,NASDAQ
2018-02-05,6967.53,NASDAQ
2018-02-06,7115.88,NASDAQ
2018-02-07,7051.98,NASDAQ
2018-02-08,6777.16,NASDAQ
2018-02-09,6874.49,NASDAQ
2018-02-12,6981.96,NASDAQ
2018-02-13,7013.51,NASDAQ
2018-02-14,7143.62,NASDAQ
2018-02-15,7256.43,NASDAQ
2018-02-16,7239.47,NASDAQ
2018-02-20,7234.31,NASDAQ
2018-02-21,7218.23,NASDAQ
2018-02-22,7210.09,NASDAQ
2018-02-23,7337.39,NASDAQ
2018-02-26,7421.46,NASDAQ
2018-02-27,7330.35,NASDAQ
2018-02-28,7273.01,NASDAQ
2018-03-01,7180.56,NASDAQ
2018-03-02,7257.87,NASDAQ
2018-03-05,7330.7,NASDAQ
2018-03-06,7372.01,NASDAQ
2018-03-07,7396.65,NASDAQ
2018-03-08,7427.95,NASDAQ
2018-03-09,7560.81,NASDAQ
2018-03-12,7588.32,NASDAQ
2018-03-13,7511.01,NASDAQ
2018-03-14,7496.81,NASDAQ
2018-03-15,7481.74,NASDAQ
2018-03-16,7481.99,NASDAQ
2018-03-19,7344.24,NASDAQ
2018-03-20,7364.3,NASDAQ
2018-03-21,7345.29,NASDAQ
2018-03-22,7166.68,NASDAQ
2018-03-23,6992.67,NASDAQ
2018-03-26,7220.54,NASDAQ
2018-03-27,7008.81,NASDAQ
2018-03-28,6949.23,NASDAQ
2018-03-29,7063.45,NASDAQ
2018-04-02,6870.12,NASDAQ
2018-04-03,6941.28,NASDAQ
2018-04-04,7042.11,NASDAQ
2018-04-05,7076.55,NASDAQ
2018-04-06,6915.11,NASDAQ
2018-04-09,6950.34,NASDAQ
2018-04-10,7094.3,NASDAQ
2018-04-11,7069.03,NASDAQ
2018-04-12,7140.25,NASDAQ
2018-04-13,7106.65,NASDAQ
2018-04-16,7156.29,NASDAQ
2018-04-17,7281.1,NASDAQ
2018-04-18,7295.24,NASDAQ
2018-04-19,7238.06,NASDAQ
2018-04-20,7146.13,NASDAQ
2018-04-23,7128.6,NASDAQ
2018-04-24,7007.35,NASDAQ
2018-04-25,7003.74,NASDAQ
2018-04-26,7118.68,NASDAQ
2018-04-27,7119.8,NASDAQ
2018-04-30,7066.27,NASDAQ
2018-05-01,7130.7,NASDAQ
2018-05-02,7100.9,NASDAQ
2018-05-03,7088.15,NASDAQ
2018-05-04,7209.62,NASDAQ
2018-05-07,7265.22,NASDAQ
2018-05-08,7266.9,NASDAQ
2018-05-09,7339.91,NASDAQ
2018-05-10,7404.98,NASDAQ
2018-05-11,7402.88,NASDAQ
2018-05-14,7411.32,NASDAQ
2018-05-15,7351.63,NASDAQ
2018-05-16,7398.3,NASDAQ
2018-05-17,7382.47,NASDAQ
2018-05-18,7354.34,NASDAQ
2018-05-21,7394.04,NASDAQ
2018-05-22,7378.46,NASDAQ
2018-05-23,7425.96,NASDAQ
2018-05-24,7424.43,NASDAQ
2018-05-25,7433.85,NASDAQ
2018-05-29,7396.59,NASDAQ
2018-05-30,7462.45,NASDAQ
2018-05-31,7442.12,NASDAQ
2018-06-01,7554.33,NASDAQ
2018-06-04,7606.46,NASDAQ
2018-06-05,7637.86,NASDAQ
2018-06-06,7689.24,NASDAQ
2018-06-07,7635.07,NASDAQ
2018-06-08,7645.51,NASDAQ
2018-06-11,7659.93,NASDAQ
2018-06-12,7703.79,NASDAQ
2018-06-13,7695.7,NASDAQ
2018-06-14,7761.04,NASDAQ
2018-06-15,7746.38,NASDAQ
2018-06-18,7747.02,NASDAQ
2018-06-19,7725.59,NASDAQ
2018-06-20,7781.51,NASDAQ
2018-06-21,7712.95,NASDAQ
2018-06-22,7692.82,NASDAQ
2018-06-25,7532.01,NASDAQ
2018-06-26,7561.63,NASDAQ
2018-06-27,7445.09,NASDAQ
2018-06-28,7503.68,NASDAQ
2018-06-29,7510.3,NASDAQ
2018-07-02,7567.69,NASDAQ
2018-07-03,7502.67,NASDAQ
2018-07-05,7586.43,NASDAQ
2018-07-06,7688.39,NASDAQ
2018-07-09,7756.2,NASDAQ
2018-07-10,7759.2,NASDAQ
2018-07-11,7716.61,NASDAQ
2018-07-12,7823.92,NASDAQ
2018-07-13,7825.98,NASDAQ
2018-07-16,7805.72,NASDAQ
2018-07-17,7855.12,NASDAQ
2018-07-18,7854.44,NASDAQ
2018-07-19,7825.3,NASDAQ
2018-07-20,7820.2,NASDAQ
2018-07-23,7841.87,NASDAQ
2018-07-24,7840.77,NASDAQ
2018-07-25,7932.24,NASDAQ
2018-07-26,7852.18,NASDAQ
2018-07-27,7737.42,NASDAQ
2018-07-30,7630.0,NASDAQ
2018-07-31,7671.79,NASDAQ
2018-08-01,7707.29,NASDAQ
2018-08-02,7802.69,NASDAQ
2018-08-03,7812.01,NASDAQ
2018-08-06,7859.68,NASDAQ
2018-08-07,7883.66,NASDAQ
2018-08-08,7888.33,NASDAQ
2018-08-09,7891.78,NASDAQ
2018-08-10,7839.11,NASDAQ
2018-08-13,7819.71,NASDAQ
2018-08-14,7870.89,NASDAQ
2018-08-15,7774.12,NASDAQ
2018-08-16,7806.52,NASDAQ
2018-08-17,7816.33,NASDAQ
2018-08-20,7821.01,NASDAQ
2018-08-21,7859.17,NASDAQ
2018-08-22,7889.1,NASDAQ
2018-08-23,7878.46,NASDAQ
2018-08-24,7945.98,NASDAQ
2018-08-27,8017.9,NASDAQ
2018-08-28,8030.04,NASDAQ
2018-08-29,8109.69,NASDAQ
2018-08-30,8088.36,NASDAQ
2018-08-31,8109.54,NASDAQ
2018-09-04,8091.25,NASDAQ
2018-09-05,7995.17,NASDAQ
2018-09-06,7922.73,NASDAQ
2018-09-07,7902.54,NASDAQ
2018-09-10,7924.16,NASDAQ
2018-09-11,7972.47,NASDAQ
2018-09-12,7954.23,NASDAQ
2018-09-13,8013.71,NASDAQ
2018-09-14,8010.04,NASDAQ
2018-09-17,7895.79,NASDAQ
2018-09-18,7956.11,NASDAQ
2018-09-19,7950.04,NASDAQ
2018-09-20,8028.23,NASDAQ
2018-09-21,7986.96,NASDAQ
2018-09-24,7993.25,NASDAQ
2018-09-25,8007.47,NASDAQ
2018-09-26,7990.37,NASDAQ
2018-09-27,8041.97,NASDAQ
2018-09-28,8046.35,NASDAQ
2018-10-01,8037.3,NASDAQ
2018-10-02,7999.55,NASDAQ
2018-10-03,8025.09,NASDAQ
2018-10-04,7879.51,NASDAQ
2018-10-05,7788.45,NASDAQ
2018-10-08,7735.95,NASDAQ
2018-10-09,7738.02,NASDAQ
2018-10-10,7422.05,NASDAQ
2018-10-11,7329.06,NASDAQ
2018-10-12,7496.89,NASDAQ
2018-10-15,7430.74,NASDAQ
2018-10-16,7645.49,NASDAQ
2018-10-17,7642.7,NASDAQ
2018-10-18,7485.14,NASDAQ
2018-10-19,7449.03,NASDAQ
2018-10-22,7468.63,NASDAQ
2018-10-23,7437.54,NASDAQ
2018-10-24,7108.4,NASDAQ
2018-10-25,7318.34,NASDAQ
2018-10-26,7167.21,NASDAQ
2018-10-29,7050.29,NASDAQ
2018-10-30,7161.65,NASDAQ
2018-10-31,7305.9,NASDAQ
2018-11-01,7434.06,NASDAQ
2018-11-02,7356.99,NASDAQ
2018-11-05,7328.85,NASDAQ
2018-11-06,7375.96,NASDAQ
2018-11-07,7570.75,NASDAQ
2018-11-08,7530.89,NASDAQ
2018-11-09,7406.9,NASDAQ
2018-11-12,7200.87,NASDAQ
2018-11-13,7200.88,NASDAQ
2018-11-14,7136.39,NASDAQ
2018-11-15,7259.03,NASDAQ
2018-11-16,7247.87,NASDAQ
2018-11-19,7028.48,NASDAQ
2018-11-20,6908.82,NASDAQ
2018-11-21,6972.25,NASDAQ
2018-11-23,6938.98,NASDAQ
2018-11-26,7081.85,NASDAQ
2018-11-27,7082.7,NASDAQ
2018-11-28,7291.59,NASDAQ
2018-11-29,7273.08,NASDAQ
2018-11-30,7330.54,NASDAQ
2018-12-03,7441.51,NASDAQ
2018-12-04,7158.43,NASDAQ
2018-12-06,7188.26,NASDAQ
2018-12-07,6969.25,NASDAQ
2018-12-10,7020.52,NASDAQ
2018-12-11,7031.83,NASDAQ
2018-12-12,7098.31,NASDAQ
2018-12-13,7070.33,NASDAQ
2018-12-14,6910.67,NASDAQ
2018-12-17,6753.73,NASDAQ
2018-12-18,6783.91,NASDAQ
2018-12-19,6636.83,NASDAQ
2018-12-20,6528.41,NASDAQ
2018-12-21,6333.0,NASDAQ
2018-12-24,6192.92,NASDAQ
2018-12-26,6554.36,NASDAQ
2018-12-27,6579.49,NASDAQ
2018-12-28,6584.52,NASDAQ
2018-12-31,6635.28,NASDAQ
2019-01-02,6665.94,NASDAQ
2019-01-03,6463.5,NASDAQ
2019-01-04,6738.86,NASDAQ
2019-01-07,6823.47,NASDAQ
2019-01-08,6897.0,NASDAQ
2019-01-09,6957.08,NASDAQ
2019-01-10,6986.07,NASDAQ
2019-01-11,6971.48,NASDAQ
2019-01-14,6905.92,NASDAQ
2019-01-15,7023.83,NASDAQ
2019-01-16,7034.69,NASDAQ
2019-01-17,7084.46,NASDAQ
2019-01-18,7157.23,NASDAQ
2019-01-22,7020.36,NASDAQ
2019-01-23,7025.77,NASDAQ
2019-01-24,7073.46,NASDAQ
2019-01-25,7164.86,NASDAQ
2019-01-28,7085.69,NASDAQ
2019-01-29,7028.29,NASDAQ
2019-01-30,7183.08,NASDAQ
2019-01-31,7281.74,NASDAQ
2019-02-01,7263.87,NASDAQ
2019-02-04,7347.54,NASDAQ
2019-02-05,7402.08,NASDAQ
2019-02-06,7375.28,NASDAQ
2019-02-07,7288.35,NASDAQ
2019-02-08,7298.2,NASDAQ
2019-02-11,7307.91,NASDAQ
2019-02-12,7414.62,NASDAQ
2019-02-13,7420.38,NASDAQ
2019-02-14,7426.96,NASDAQ
2019-02-15,7472.41,NASDAQ
2019-02-19,7486.77,NASDAQ
2019-02-20,7489.07,NASDAQ
2019-02-21,7459.71,NASDAQ
2019-02-22,7527.55,NASDAQ
2019-02-25,7554.46,NASDAQ
2019-02-26,7549.3,NASDAQ
2019-02-27,7554.51,NASDAQ
2019-02-28,7532.53,NASDAQ
2019-03-01,7595.35,NASDAQ
2019-03-04,7577.57,NASDAQ
2019-03-05,7576.36,NASDAQ
2019-03-06,7505.92,NASDAQ
2019-03-07,7421.46,NASDAQ
2019-03-08,7408.14,NASDAQ
2019-03-11,7558.06,NASDAQ
2019-03-12,7591.03,NASDAQ
2019-03-13,7643.41,NASDAQ
2019-03-14,7630.91,NASDAQ
2019-03-15,7688.53,NASDAQ
2019-03-18,7714.48,NASDAQ
2019-03-19,7723.95,NASDAQ
2019-03-20,7728.97,NASDAQ
2019-03-21,7838.96,NASDAQ
2019-03-22,7642.67,NASDAQ
2019-03-25,7637.54,NASDAQ
2019-03-26,7691.52,NASDAQ
2019-03-27,7643.38,NASDAQ
2019-03-28,7669.17,NASDAQ
2019-03-29,7729.32,NASDAQ
2019-04-01,7828.91,NASDAQ
2019-04-02,7848.69,NASDAQ
2019-04-03,7895.55,NASDAQ
2019-04-04,7891.78,NASDAQ
2019-04-05,7938.69,NASDAQ
2019-04-08,7953.88,NASDAQ
2019-04-09,7909.28,NASDAQ
2019-04-10,7964.24,NASDAQ
2019-04-11,7947.36,NASDAQ
2019-04-12,7984.16,NASDAQ
2019-04-15,7976.01,NASDAQ
2019-04-16,8000.23,NASDAQ
2019-04-17,7996.08,NASDAQ
2019-04-18,7998.06,NASDAQ
2019-04-22,8015.27,NASDAQ
2019-04-23,8120.82,NASDAQ
2019-04-24,8102.01,NASDAQ
2019-04-25,8118.68,NASDAQ
2019-04-26,8146.4,NASDAQ
2019-04-29,8161.85,NASDAQ
2019-04-30,8095.39,NASDAQ
2019-05-01,8049.64,NASDAQ
2019-05-02,8036.77,NASDAQ
2019-05-03,8164.0,NASDAQ
2019-05-06,8123.29,NASDAQ
2019-05-07,7963.76,NASDAQ
2019-05-08,7943.32,NASDAQ
2019-05-09,7910.59,NASDAQ
2019-05-10,7916.94,NASDAQ
2019-05-13,7647.02,NASDAQ
2019-05-14,7734.49,NASDAQ
2019-05-15,7822.15,NASDAQ
2019-05-16,7898.05,NASDAQ
2019-05-17,7816.29,NASDAQ
2019-05-20,7702.38,NASDAQ
2019-05-21,7785.72,NASDAQ
2019-05-22,7750.84,NASDAQ
2019-05-23,7628.28,NASDAQ
2019-05-24,7637.01,NASDAQ
2019-05-28,7607.35,NASDAQ
2019-05-29,7547.31,NASDAQ
2019-05-30,7567.72,NASDAQ
2019-05-31,7453.15,NASDAQ
2019-06-03,7333.02,NASDAQ
2019-06-04,7527.12,NASDAQ
2019-06-05,7575.48,NASDAQ
2019-06-06,7615.55,NASDAQ
2019-06-07,7742.1,NASDAQ
2019-06-10,7823.17,NASDAQ
2019-06-11,7822.57,NASDAQ
2019-06-12,7792.72,NASDAQ
2019-06-13,7837.13,NASDAQ
2019-06-14,7796.66,NASDAQ
2019-06-17,7845.02,NASDAQ
2019-06-18,7953.88,NASDAQ
2019-06-19,7987.32,NASDAQ
2019-06-20,8051.34,NASDAQ
2019-06-21,8031.71,NASDAQ
2019-06-24,8005.7,NASDAQ
2019-06-25,7884.72,NASDAQ
2019-06-26,7909.97,NASDAQ
2019-06-27,7967.76,NASDAQ
2019-06-28,8006.24,NASDAQ
2019-07-01,8091.16,NASDAQ
2019-07-02,8109.09,NASDAQ
2019-07-03,8170.23,NASDAQ
2019-07-05,8161.79,NASDAQ
2019-07-08,8098.38,NASDAQ
2019-07-09,8141.73,NASDAQ
2019-07-10,8202.53,NASDAQ
2019-07-11,8196.04,NASDAQ
2019-07-12,8244.15,NASDAQ
2019-07-15,8258.19,NASDAQ
2019-07-16,8222.8,NASDAQ
2019-07-17,8185.21,NASDAQ
2019-07-18,8207.24,NASDAQ
2019-07-19,8146.49,NASDAQ
2019-07-22,8204.14,NASDAQ
2019-07-23,8251.4,NASDAQ
2019-07-24,8321.5,NASDAQ
2019-07-25,8238.54,NASDAQ
2019-07-26,8330.21,NASDAQ
2019-07-29,8293.33,NASDAQ
2019-07-30,8273.61,NASDAQ
2019-07-31,8175.42,NASDAQ
2019-08-01,8111.12,NASDAQ
2019-08-02,8004.07,NASDAQ
2019-08-05,7726.04,NASDAQ
2019-08-06,7833.27,NASDAQ
2019-08-07,7862.82,NASDAQ
2019-08-08,8039.16,NASDAQ
2019-08-09,7959.14,NASDAQ
2019-08-12,7863.41,NASDAQ
2019-08-13,8016.36,NASDAQ
2019-08-14,7773.94,NASDAQ
2019-08-15,7766.62,NASDAQ
2019-08-16,7895.99,NASDAQ
2019-08-19,8002.81,NASDAQ
2019-08-20,7948.56,NASDAQ
2019-08-21,8020.21,NASDAQ
2019-08-22,7991.39,NASDAQ
2019-08-23,7751.77,NASDAQ
2019-08-26,7853.74,NASDAQ
2019-08-27,7826.95,NASDAQ
2019-08-28,7856.88,NASDAQ
2019-08-29,7973.39,NASDAQ
2019-08-30,7962.88,NASDAQ
2019-09-03,7874.16,NASDAQ
2019-09-04,7976.88,NASDAQ
2019-09-05,8116.83,NASDAQ
2019-09-06,8103.07,NASDAQ
2019-09-09,8087.44,NASDAQ
2019-09-10,8084.16,NASDAQ
2019-09-11,8169.68,NASDAQ
2019-09-12,8194.47,NASDAQ
2019-09-13,8176.72,NASDAQ
2019-09-16,8153.54,NASDAQ
2019-09-17,8186.02,NASDAQ
2019-09-18,8177.39,NASDAQ
2019-09-19,8182.88,NASDAQ
2019-09-20,8117.68,NASDAQ
2019-09-23,8112.46,NASDAQ
2019-09-24,7993.63,NASDAQ
2019-09-25,8077.38,NASDAQ
2019-09-26,8030.66,NASDAQ
2019-09-27,7939.63,NASDAQ
2019-09-30,7999.34,NASDAQ
2019-10-01,7908.68,NASDAQ
2019-10-02,7785.25,NASDAQ
2019-10-03,7872.27,NASDAQ
2019-10-04,7982.47,NASDAQ
2019-10-07,7956.29,NASDAQ
2019-10-08,7823.78,NASDAQ
2019-10-09,7903.74,NASDAQ
2019-10-10,7950.78,NASDAQ
2019-10-11,8057.04,NASDAQ
2019-10-14,8048.65,NASDAQ
2019-10-15,8148.71,NASDAQ
2019-10-16,8124.18,NASDAQ
2019-10-17,8156.85,NASDAQ
2019-10-18,8089.54,NASDAQ
2019-10-21,8162.99,NASDAQ
2019-10-22,8104.3,NASDAQ
2019-10-23,8119.79,NASDAQ
2019-10-24,8185.8,NASDAQ
2019-10-25,8243.12,NASDAQ
2019-10-28,8325.99,NASDAQ
2019-10-29,8276.85,NASDAQ
2019-10-30,8303.98,NASDAQ
2019-10-31,8292.36,NASDAQ
2019-11-01,8386.4,NASDAQ
2019-11-04,8433.2,NASDAQ
2019-11-05,8434.68,NASDAQ
2019-11-06,8410.63,NASDAQ
2019-11-07,8434.52,NASDAQ
2019-11-08,8475.31,NASDAQ
2019-11-11,8464.28,NASDAQ
2019-11-12,8486.09,NASDAQ
2019-11-13,8482.1,NASDAQ
2019-11-14,8479.02,NASDAQ
2019-11-15,8540.83,NASDAQ
2019-11-18,8549.94,NASDAQ
2019-11-19,8570.66,NASDAQ
2019-11-20,8526.73,NASDAQ
2019-11-21,8506.21,NASDAQ
2019-11-22,8519.88,NASDAQ
2019-11-25,8632.49,NASDAQ
2019-11-26,8647.93,NASDAQ
2019-11-27,8705.18,NASDAQ
2019-11-29,8665.47,NASDAQ
2019-12-02,8567.99,NASDAQ
2019-12-03,8520.65,NASDAQ
2019-12-04,8566.67,NASDAQ
2019-12-05,8570.7,NASDAQ
2019-12-06,8656.53,NASDAQ
2019-12-09,8621.83,NASDAQ
2019-12-10,8616.18,NASDAQ
2019-12-11,8654.05,NASDAQ
2019-12-12,8717.32,NASDAQ
2019-12-13,8734.88,NASDAQ
2019-12-16,8814.23,NASDAQ
2019-12-17,8823.36,NASDAQ
2019-12-18,8827.73,NASDAQ
2019-12-19,8887.22,NASDAQ
2019-12-20,8924.96,NASDAQ
2019-12-23,8945.65,NASDAQ
2019-12-24,8952.88,NASDAQ
2019-12-26,9022.39,NASDAQ
2019-12-27,9006.62,NASDAQ
2019-12-30,8945.99,NASDAQ
2019-12-31,8972.6,NASDAQ
2020-01-02,9092.19,NASDAQ
2020-01-03,9020.77,NASDAQ
2020-01-06,9071.47,NASDAQ
2020-01-07,9068.58,NASDAQ
2020-01-08,9129.24,NASDAQ
2020-01-09,9203.43,NASDAQ
2020-01-10,9178.86,NASDAQ
2020-01-13,9273.93,NASDAQ
2020-01-14,9251.33,NASDAQ
2020-01-15,9258.7,NASDAQ
2020-01-16,9357.13,NASDAQ
2020-01-17,9388.95,NASDAQ
2020-01-21,9370.81,NASDAQ
2020-01-22,9383.77,NASDAQ
2020-01-23,9402.48,NASDAQ
2020-01-24,9314.91,NASDAQ
2020-01-27,9139.31,NASDAQ
2020-01-28,9269.68,NASDAQ
2020-01-29,9275.16,NASDAQ
2020-01-30,9298.93,NASDAQ
2020-01-31,9150.94,NASDAQ
2020-02-03,9273.4,NASDAQ
2020-02-04,9467.97,NASDAQ
2020-02-05,9508.68,NASDAQ
2020-02-06,9572.15,NASDAQ
2020-02-07,9520.51,NASDAQ
2020-02-10,9628.39,NASDAQ
2020-02-11,9638.94,NASDAQ
2020-02-12,9725.96,NASDAQ
2020-02-13,9711.97,NASDAQ
2020-02-14,9731.18,NASDAQ
2020-02-18,9732.74,NASDAQ
2020-02-19,9817.18,NASDAQ
2020-02-20,9750.97,NASDAQ
2020-02-21,9576.59,NASDAQ
2020-02-24,9221.28,NASDAQ
2020-02-25,8965.61,NASDAQ
2020-02-26,8980.78,NASDAQ
2020-02-27,8566.48,NASDAQ
2020-02-28,8567.37,NASDAQ
2020-03-02,8952.17,NASDAQ
2020-03-03,8684.09,NASDAQ
2020-03-04,9018.09,NASDAQ
2020-03-05,8738.59,NASDAQ
2020-03-06,8575.62,NASDAQ
2020-03-09,7950.68,NASDAQ
2020-03-10,8344.25,NASDAQ
2020-03-11,7952.05,NASDAQ
2020-03-12,7201.8,NASDAQ
2020-03-13,7874.88,NASDAQ
2020-03-16,6904.59,NASDAQ
2020-03-17,7334.78,NASDAQ
2020-03-18,6989.84,NASDAQ
2020-03-19,7150.58,NASDAQ
2020-03-20,6879.52,NASDAQ
2020-03-23,6860.67,NASDAQ
2020-03-24,7417.86,NASDAQ
2020-03-25,7384.3,NASDAQ
2020-03-26,7797.54,NASDAQ
2020-03-27,7502.38,NASDAQ
2020-03-30,7774.15,NASDAQ
2020-03-31,7700.1,NASDAQ
2020-04-01,7360.58,NASDAQ
2020-04-02,7487.31,NASDAQ
2020-04-03,7373.08,NASDAQ
2020-04-06,7913.24,NASDAQ
2020-04-07,7887.26,NASDAQ
2020-04-08,8090.9,NASDAQ
2020-04-09,8153.58,NASDAQ
2020-04-13,8192.42,NASDAQ
2020-04-14,8515.74,NASDAQ
2020-04-15,8393.18,NASDAQ
2020-04-16,8532.36,NASDAQ
2020-04-17,8650.14,NASDAQ
2020-04-20,8560.73,NASDAQ
2020-04-21,8263.23,NASDAQ
2020-04-22,8495.38,NASDAQ
2020-04-23,8494.75,NASDAQ
2020-04-24,8634.52,NASDAQ
2020-04-27,8730.16,NASDAQ
2020-04-28,8607.73,NASDAQ
2020-04-29,8914.71,NASDAQ
2020-04-30,8889.55,NASDAQ
2020-05-01,8604.95,NASDAQ
2020-05-04,8710.72,NASDAQ
2020-05-05,8809.12,NASDAQ
2020-05-06,8854.39,NASDAQ
2020-05-07,8979.66,NASDAQ
2020-05-08,9121.32,NASDAQ
2020-05-11,9192.34,NASDAQ
2020-05-12,9002.55,NASDAQ
2020-05-13,8863.17,NASDAQ
2020-05-14,8943.72,NASDAQ
2020-05-15,9014.56,NASDAQ
2020-05-18,9234.83,NASDAQ
2020-05-19,9185.1,NASDAQ
2020-05-20,9375.78,NASDAQ
2020-05-21,9284.88,NASDAQ
2020-05-22,9324.59,NASDAQ
2020-05-26,9340.22,NASDAQ
2020-05-27,9412.36,NASDAQ
2020-05-28,9368.99,NASDAQ
2020-05-29,9489.87,NASDAQ
2020-06-01,9552.05,NASDAQ
2020-06-02,9608.38,NASDAQ
2020-06-03,9682.91,NASDAQ
2020-06-04,9615.81,NASDAQ
2020-06-05,9814.08,NASDAQ
2020-06-08,9924.75,NASDAQ
2020-06-09,9953.75,NASDAQ
2020-06-10,10020.35,NASDAQ
2020-06-11,9492.73,NASDAQ
2020-06-12,9588.81,NASDAQ
2020-06-15,9726.02,NASDAQ
2020-06-16,9895.87,NASDAQ
2020-06-17,9910.53,NASDAQ
2020-06-18,9943.05,NASDAQ
2020-06-19,9946.12,NASDAQ
2020-06-22,10056.48,NASDAQ
2020-06-23,10131.37,NASDAQ
2020-06-24,9909.17,NASDAQ
2020-06-25,10017.0,NASDAQ
2020-06-26,9757.22,NASDAQ
2020-06-29,9874.15,NASDAQ
2020-06-30,10058.77,NASDAQ
2020-07-01,10154.63,NASDAQ
2020-07-02,10207.63,NASDAQ
2020-07-06,10433.65,NASDAQ
2020-07-07,10343.89,NASDAQ
2020-07-08,10492.5,NASDAQ
2020-07-09,10547.75,NASDAQ
2020-07-10,10617.44,NASDAQ
2020-07-13,10390.84,NASDAQ
2020-07-14,10488.58,NASDAQ
2020-07-15,10550.49,NASDAQ
2020-07-16,10473.83,NASDAQ
2020-07-17,10503.19,NASDAQ
2020-07-20,10767.09,NASDAQ
2020-07-21,10680.36,NASDAQ
2020-07-22,10706.13,NASDAQ
2020-07-23,10461.42,NASDAQ
2020-07-24,10363.18,NASDAQ
2020-07-27,10536.27,NASDAQ
2020-07-28,10402.09,NASDAQ
2020-07-29,10542.94,NASDAQ
2020-07-30,10587.81,NASDAQ
2020-07-31,10745.28,NASDAQ
2020-08-03,10902.8,NASDAQ
2020-08-04,10941.17,NASDAQ
2020-08-05,10998.4,NASDAQ
2020-08-06,11108.07,NASDAQ
2020-08-07,11010.98,NASDAQ
2020-08-10,10968.36,NASDAQ
2020-08-11,10782.82,NASDAQ
2020-08-12,11012.24,NASDAQ
2020-08-13,11042.5,NASDAQ
2020-08-14,11019.3,NASDAQ
2020-08-17,11129.73,NASDAQ
2020-08-18,11210.84,NASDAQ
2020-08-19,11146.46,NASDAQ
2020-08-20,11264.95,NASDAQ
2020-08-21,11311.8,NASDAQ
2020-08-24,11379.72,NASDAQ
2020-08-25,11466.47,NASDAQ
2020-08-26,11665.06,NASDAQ
2020-08-27,11625.34,NASDAQ
2020-08-28,11695.63,NASDAQ
2020-08-31,11775.46,NASDAQ
2020-09-01,11939.67,NASDAQ
2020-09-02,12056.44,NASDAQ
2020-09-03,11458.1,NASDAQ
2020-09-04,11313.13,NASDAQ
2020-09-08,10847.69,NASDAQ
2020-09-09,11141.56,NASDAQ
2020-09-10,10919.59,NASDAQ
2020-09-11,10853.55,NASDAQ
2020-09-14,11056.65,NASDAQ
2020-09-15,11190.32,NASDAQ
2020-09-16,11050.47,NASDAQ
2020-09-17,10910.28,NASDAQ
2020-09-18,10793.28,NASDAQ
2020-09-21,10778.8,NASDAQ
2020-09-22,10963.64,NASDAQ
2020-09-23,10632.99,NASDAQ
2020-09-24,10672.27,NASDAQ
2020-09-25,10913.56,NASDAQ
2020-09-28,11117.53,NASDAQ
2020-09-29,11085.25,NASDAQ
2020-09-30,11167.51,NASDAQ
2020-10-01,11326.51,NASDAQ
2020-10-02,11075.02,NASDAQ
2020-10-05,11332.49,NASDAQ
2020-10-06,11154.6,NASDAQ
2020-10-07,11364.6,NASDAQ
2020-10-08,11420.98,NASDAQ
2020-10-09,11579.94,NASDAQ
2020-10-12,11876.26,NASDAQ
2020-10-13,11863.9,NASDAQ
2020-10-14,11768.73,NASDAQ
2020-10-15,11713.87,NASDAQ
2020-10-16,11671.56,NASDAQ
2020-10-19,11478.88,NASDAQ
2020-10-20,11516.49,NASDAQ
2020-10-21,11484.69,NASDAQ
2020-10-22,11506.01,NASDAQ
2020-10-23,11548.28,NASDAQ
2020-10-26,11358.94,NASDAQ
2020-10-27,11431.35,NASDAQ
2020-10-28,11004.87,NASDAQ
2020-10-29,11185.59,NASDAQ
2020-10-30,10911.59,NASDAQ
2020-11-02,10957.61,NASDAQ
2020-11-03,11160.57,NASDAQ
2020-11-04,11590.78,NASDAQ
2020-11-05,11890.93,NASDAQ
2020-11-06,11895.23,NASDAQ
2020-11-09,11713.78,NASDAQ
2020-11-10,11553.86,NASDAQ
2020-11-11,11786.43,NASDAQ
2020-11-12,11709.59,NASDAQ
2020-11-13,11829.29,NASDAQ
2020-11-16,11924.13,NASDAQ
2020-11-17,11899.34,NASDAQ
2020-11-18,11801.6,NASDAQ
2020-11-19,11904.71,NASDAQ
2020-11-20,11854.97,NASDAQ
2020-11-23,11880.63,NASDAQ
2020-11-24,12036.79,NASDAQ
2020-11-25,12094.4,NASDAQ
2020-11-27,12205.85,NASDAQ
2020-11-30,12198.74,NASDAQ
2020-12-01,12355.11,NASDAQ
2020-12-02,12349.37,NASDAQ
2020-12-03,12377.18,NASDAQ
2020-12-04,12464.23,NASDAQ
2020-12-07,12519.95,NASDAQ
2020-12-08,12582.77,NASDAQ
2020-12-09,12338.95,NASDAQ
2020-12-10,12405.81,NASDAQ
2020-12-11,12377.87,NASDAQ
2020-12-14,12440.04,NASDAQ
2020-12-15,12595.06,NASDAQ
2020-12-16,12658.19,NASDAQ
2020-12-17,12764.75,NASDAQ
2020-12-18,12755.64,NASDAQ
2020-12-21,12742.52,NASDAQ
2020-12-22,12807.92,NASDAQ
2020-12-23,12771.11,NASDAQ
2020-12-24,12804.73,NASDAQ
2020-12-28,12899.42,NASDAQ
2020-12-29,12850.22,NASDAQ
2020-12-30,12870.0,NASDAQ
2020-12-31,12888.28,NASDAQ
2021-01-04,12698.45,NASDAQ
2021-01-05,12818.96,NASDAQ
2021-01-06,12740.79,NASDAQ
2021-01-07,13067.48,NASDAQ
2021-01-08,13201.98,NASDAQ
2021-01-11,13036.43,NASDAQ
2021-01-12,13072.43,NASDAQ
2021-01-13,13128.95,NASDAQ
2021-01-14,13112.64,NASDAQ
2021-01-15,12998.5,NASDAQ
2021-01-19,13197.18,NASDAQ
2021-01-20,13457.25,NASDAQ
2021-01-21,13530.92,NASDAQ
2021-01-22,13543.06,NASDAQ
2021-01-25,13635.99,NASDAQ
2021-01-26,13626.07,NASDAQ
2021-01-27,13270.6,NASDAQ
2021-01-28,13337.16,NASDAQ
2021-01-29,13070.7,NASDAQ
2021-02-01,13403.39,NASDAQ
2021-02-02,13612.78,NASDAQ
2021-02-03,13610.54,NASDAQ
2021-02-04,13777.74,NASDAQ
2021-02-05,13856.3,NASDAQ
2021-02-08,13987.64,NASDAQ
2021-02-09,14007.7,NASDAQ
2021-02-10,13972.53,NASDAQ
2021-02-11,14025.77,NASDAQ
2021-02-12,14095.47,NASDAQ
2021-02-16,14047.5,NASDAQ
2021-02-17,13965.5,NASDAQ
2021-02-18,13865.36,NASDAQ
2021-02-19,13874.46,NASDAQ
2021-02-22,13533.05,NASDAQ
2021-02-23,13465.2,NASDAQ
2021-02-24,13597.97,NASDAQ
2021-02-25,13119.43,NASDAQ
2021-02-26,13192.35,NASDAQ
2021-03-01,13588.83,NASDAQ
2021-03-02,13358.79,NASDAQ
2021-03-03,12997.75,NASDAQ
2021-03-04,12723.47,NASDAQ
2021-03-05,12920.15,NASDAQ
2021-03-08,12609.16,NASDAQ
2021-03-09,13073.83,NASDAQ
2021-03-10,13068.83,NASDAQ
2021-03-11,13398.67,NASDAQ
2021-03-12,13319.87,NASDAQ
2021-03-15,13459.71,NASDAQ
2021-03-16,13471.57,NASDAQ
2021-03-17,13525.2,NASDAQ
2021-03-18,13116.17,NASDAQ
2021-03-19,13215.24,NASDAQ
2021-03-22,13377.54,NASDAQ
2021-03-23,13227.7,NASDAQ
2021-03-24,12961.89,NASDAQ
2021-03-25,12977.68,NASDAQ
2021-03-26,13138.73,NASDAQ
2021-03-29,13059.65,NASDAQ
2021-03-30,13045.39,NASDAQ
2021-03-31,13246.87,NASDAQ
2021-04-01,13480.11,NASDAQ
2021-04-05,13705.59,NASDAQ
2021-04-06,13698.38,NASDAQ
2021-04-07,13688.84,NASDAQ
2021-04-08,13829.31,NASDAQ
2021-04-09,13900.19,NASDAQ
2021-04-12,13850.0,NASDAQ
2021-04-13,13996.1,NASDAQ
2021-04-14,13857.84,NASDAQ
2021-04-15,14038.76,NASDAQ
2021-04-16,14052.34,NASDAQ
2021-04-19,13914.77,NASDAQ
2021-04-20,13786.27,NASDAQ
2021-04-21,13950.22,NASDAQ
2021-04-22,13818.41,NASDAQ
2021-04-23,14016.81,NASDAQ
2021-04-26,14138.78,NASDAQ
2021-04-27,14090.22,NASDAQ
2021-04-28,14051.03,NASDAQ
2021-04-29,14082.55,NASDAQ
2021-04-30,13962.68,NASDAQ
2021-05-03,13895.12,NASDAQ
2021-05-04,13633.5,NASDAQ
2021-05-05,13582.43,NASDAQ
2021-05-06,13632.84,NASDAQ
2021-05-07,13752.24,NASDAQ
2021-05-10,13401.86,NASDAQ
2021-05-11,13389.43,NASDAQ
2021-05-12,13031.68,NASDAQ
2021-05-13,13124.99,NASDAQ
2021-05-14,13429.98,NASDAQ
2021-05-17,13379.05,NASDAQ
2021-05-18,13303.64,NASDAQ
2021-05-19,13299.74,NASDAQ
2021-05-20,13535.74,NASDAQ
2021-05-21,13470.99,NASDAQ
2021-05-24,13661.17,NASDAQ
2021-05-25,13657.17,NASDAQ
2021-05-26,13738.0,NASDAQ
2021-05-27,13736.28,NASDAQ
2021-05-28,13748.74,NASDAQ
2021-06-01,13736.48,NASDAQ
2021-06-02,13756.33,NASDAQ
2021-06-03,13614.51,NASDAQ
2021-06-04,13814.49,NASDAQ
2021-06-07,13881.72,NASDAQ
2021-06-08,13924.91,NASDAQ
2021-06-09,13911.75,NASDAQ
2021-06-10,14020.33,NASDAQ
2021-06-11,14069.42,NASDAQ
2021-06-14,14174.14,NASDAQ
2021-06-15,14072.86,NASDAQ
2021-06-16,14039.68,NASDAQ
2021-06-17,14161.35,NASDAQ
2021-06-18,14030.38,NASDAQ
2021-06-21,14141.48,NASDAQ
2021-06-22,14253.27,NASDAQ
2021-06-23,14271.73,NASDAQ
2021-06-24,14369.71,NASDAQ
2021-06-25,14360.39,NASDAQ
2021-06-28,14500.51,NASDAQ
2021-06-29,14528.34,NASDAQ
2021-06-30,14503.95,NASDAQ
2021-07-01,14522.38,NASDAQ
2021-07-02,14639.33,NASDAQ
2021-07-06,14663.64,NASDAQ
2021-07-07,14665.06,NASDAQ
2021-07-08,14559.79,NASDAQ
2021-07-09,14701.92,NASDAQ
2021-07-12,14733.24,NASDAQ
2021-07-13,14677.65,NASDAQ
2021-07-14,14644.95,NASDAQ
2021-07-15,14543.13,NASDAQ
2021-07-16,14427.24,NASDAQ
2021-07-19,14274.98,NASDAQ
2021-07-20,14498.88,NASDAQ
2021-07-21,14631.95,NASDAQ
2021-07-22,14684.6,NASDAQ
2021-07-23,14836.99,NASDAQ
2021-07-26,14840.71,NASDAQ
2021-07-27,14660.58,NASDAQ
2021-07-28,14762.58,NASDAQ
2021-07-29,14778.26,NASDAQ
2021-07-30,14672.68,NASDAQ
2021-08-02,14681.07,NASDAQ
2021-08-03,14761.3,NASDAQ
2021-08-04,14780.53,NASDAQ
2021-08-05,14895.12,NASDAQ
2021-08-06,14835.76,NASDAQ
2021-08-09,14860.18,NASDAQ
2021-08-10,14788.09,NASDAQ
2021-08-11,14765.14,NASDAQ
2021-08-12,14816.26,NASDAQ
2021-08-13,14822.9,NASDAQ
2021-08-16,14793.76,NASDAQ
2021-08-17,14656.18,NASDAQ
2021-08-18,14525.91,NASDAQ
2021-08-19,14541.79,NASDAQ
2021-08-20,14714.66,NASDAQ
2021-08-23,14942.65,NASDAQ
2021-08-24,15019.8,NASDAQ
2021-08-25,15041.86,NASDAQ
2021-08-26,14945.81,NASDAQ
2021-08-27,15129.5,NASDAQ
2021-08-30,15265.89,NASDAQ
2021-08-31,15259.24,NASDAQ
2021-09-01,15309.38,NASDAQ
2021-09-02,15331.18,NASDAQ
2021-09-03,15363.52,NASDAQ
2021-09-07,15374.33,NASDAQ
2021-09-08,15286.64,NASDAQ
2021-09-09,15248.25,NASDAQ
2021-09-10,15115.49,NASDAQ
2021-09-13,15105.58,NASDAQ
2021-09-14,15037.76,NASDAQ
2021-09-15,15161.53,NASDAQ
2021-09-16,15181.92,NASDAQ
2021-09-17,15043.97,NASDAQ
2021-09-20,14713.9,NASDAQ
2021-09-21,14746.4,NASDAQ
2021-09-22,14896.85,NASDAQ
2021-09-23,15052.24,NASDAQ
2021-09-24,15047.7,NASDAQ
2021-09-27,14969.97,NASDAQ
2021-09-28,14546.68,NASDAQ
2021-09-29,14512.44,NASDAQ
2021-09-30,14448.58,NASDAQ
2021-10-01,14566.7,NASDAQ
2021-10-04,14255.49,NASDAQ
2021-10-05,14433.83,NASDAQ
2021-10-06,14501.91,NASDAQ
2021-10-07,14654.02,NASDAQ
2021-10-08,14579.54,NASDAQ
2021-10-11,14486.2,NASDAQ
2021-10-12,14465.93,NASDAQ
2021-10-13,14571.64,NASDAQ
2021-10-14,14823.43,NASDAQ
2021-10-15,14897.34,NASDAQ
2021-10-18,15021.81,NASDAQ
2021-10-19,15129.09,NASDAQ
2021-10-20,15121.68,NASDAQ
2021-10-21,15215.7,NASDAQ
2021-10-22,15090.2,NASDAQ
2021-10-25,15226.71,NASDAQ
2021-10-26,15235.72,NASDAQ
2021-10-27,15235.84,NASDAQ
2021-10-28,15448.12,NASDAQ
2021-10-29,15498.39,NASDAQ
2021-11-01,15595.92,NASDAQ
2021-11-02,15649.6,NASDAQ
2021-11-03,15811.58,NASDAQ
2021-11-04,15940.31,NASDAQ
2021-11-05,15971.59,NASDAQ
2021-11-08,15982.36,NASDAQ
2021-11-09,15886.54,NASDAQ
2021-11-10,15622.71,NASDAQ
2021-11-11,15704.28,NASDAQ
2021-11-12,15860.96,NASDAQ
2021-11-15,15853.85,NASDAQ
2021-11-16,15973.86,NASDAQ
2021-11-17,15921.57,NASDAQ
2021-11-18,15993.71,NASDAQ
2021-11-19,16057.44,NASDAQ
2021-11-22,15854.76,NASDAQ
2021-11-23,15775.14,NASDAQ
2021-11-24,15845.23,NASDAQ
2021-11-26,15491.66,NASDAQ
2021-11-29,15782.83,NASDAQ
2021-11-30,15537.69,NASDAQ
2021-12-01,15254.05,NASDAQ
2021-12-02,15381.32,NASDAQ
2021-12-03,15085.47,NASDAQ
2021-12-06,15225.15,NASDAQ
2021-12-07,15686.92,NASDAQ
2021-12-08,15786.99,NASDAQ
2021-12-09,15517.37,NASDAQ
2021-12-10,15630.6,NASDAQ
2021-12-13,15413.28,NASDAQ
2021-12-14,15237.64,NASDAQ
2021-12-15,15565.58,NASDAQ
2021-12-16,15180.44,NASDAQ
2021-12-17,15169.68,NASDAQ
2021-12-20,14980.94,NASDAQ
2021-12-21,15341.09,NASDAQ
2021-12-22,15521.89,NASDAQ
2021-12-23,15653.37,NASDAQ
2021-12-27,15871.26,NASDAQ
2021-12-28,15781.72,NASDAQ
2021-12-29,15766.22,NASDAQ
2021-12-30,15741.56,NASDAQ
2021-12-31,15644.97,NASDAQ
2022-01-03,15832.8,NASDAQ
2022-01-04,15622.72,NASDAQ
2022-01-05,15100.17,NASDAQ
2022-01-06,15080.87,NASDAQ
2022-01-07,14935.9,NASDAQ
2022-01-10,14942.83,NASDAQ
2022-01-11,15153.45,NASDAQ
2022-01-12,15188.39,NASDAQ
2022-01-13,14806.81,NASDAQ
2022-01-14,14893.75,NASDAQ
2022-01-18,14506.9,NASDAQ
2022-01-19,14340.26,NASDAQ
2022-01-20,14154.02,NASDAQ
2022-01-21,13768.92,NASDAQ
2022-01-24,13855.13,NASDAQ
2022-01-25,13539.3,NASDAQ
2022-01-26,13542.12,NASDAQ
2022-01-27,13352.78,NASDAQ
2022-01-28,13770.57,NASDAQ
2022-01-31,14239.88,NASDAQ
2022-02-01,14346.0,NASDAQ
2022-02-02,14417.55,NASDAQ
2022-02-03,13878.82,NASDAQ
2022-02-04,14098.01,NASDAQ
2022-02-07,14015.67,NASDAQ
2022-02-08,14194.46,NASDAQ
2022-02-09,14490.37,NASDAQ
2022-02-10,14185.64,NASDAQ
2022-02-11,13791.15,NASDAQ
2022-02-14,13790.92,NASDAQ
2022-02-15,14139.76,NASDAQ
2022-02-16,14124.1,NASDAQ
2022-02-17,13716.72,NASDAQ
2022-02-18,13548.07,NASDAQ
2022-02-22,13381.52,NASDAQ
2022-02-23,13037.49,NASDAQ
2022-02-24,13473.59,NASDAQ
2022-02-25,13694.62,NASDAQ
2022-02-28,13751.4,NASDAQ
2022-03-01,13532.46,NASDAQ
2022-03-02,13752.02,NASDAQ
2022-03-03,13537.94,NASDAQ
2022-03-04,13313.44,NASDAQ
2022-03-07,12830.96,NASDAQ
2022-03-08,12795.55,NASDAQ
2022-03-09,13255.55,NASDAQ
2022-03-10,13129.96,NASDAQ
2022-03-11,12843.81,NASDAQ
2022-03-14,12581.22,NASDAQ
2022-03-15,12948.62,NASDAQ
2022-03-16,13436.55,NASDAQ
2022-03-17,13614.78,NASDAQ
2022-03-18,13893.84,NASDAQ
2022-03-21,13838.46,NASDAQ
2022-03-22,14108.82,NASDAQ
2022-03-23,13922.6,NASDAQ
2022-03-24,14191.84,NASDAQ
2022-03-25,14169.3,NASDAQ
2022-03-28,14354.9,NASDAQ
2022-03-29,14619.64,NASDAQ
2022-03-30,14442.28,NASDAQ
2022-03-31,14220.52,NASDAQ
2022-04-01,14261.5,NASDAQ
2022-04-04,14532.55,NASDAQ
2022-04-05,14204.17,NASDAQ
2022-04-06,13888.82,NASDAQ
2022-04-07,13897.3,NASDAQ
2022-04-08,13711.0,NASDAQ
2022-04-11,13411.96,NASDAQ
2022-04-12,13371.57,NASDAQ
2022-04-13,13643.59,NASDAQ
2022-04-14,13351.08,NASDAQ
2022-04-18,13332.36,NASDAQ
2022-04-19,13619.66,NASDAQ
2022-04-20,13453.07,NASDAQ
2022-04-21,13174.65,NASDAQ
2022-04-22,12839.29,NASDAQ
2022-04-25,13004.85,NASDAQ
2022-04-26,12490.74,NASDAQ
2022-04-27,12488.93,NASDAQ
2022-04-28,12871.53,NASDAQ
2022-04-29,12334.64,NASDAQ
2022-05-02,12536.02,NASDAQ
2022-05-03,12563.76,NASDAQ
2022-05-04,12964.86,NASDAQ
2022-05-05,12317.69,NASDAQ
2022-05-06,12144.66,NASDAQ
2022-05-09,11623.25,NASDAQ
2022-05-10,11737.67,NASDAQ
2022-05-11,11364.24,NASDAQ
2022-05-12,11370.96,NASDAQ
2022-05-13,11805.0,NASDAQ
2022-05-16,11662.79,NASDAQ
2022-05-17,11984.52,NASDAQ
2022-05-18,11418.15,NASDAQ
2022-05-19,11388.5,NASDAQ
2022-05-20,11354.62,NASDAQ
2022-05-23,11535.28,NASDAQ
2022-05-24,11264.45,NASDAQ
2022-05-25,11434.74,NASDAQ
2022-05-26,11740.65,NASDAQ
2022-05-27,12131.13,NASDAQ
2022-05-31,12081.39,NASDAQ
2022-06-01,11994.46,NASDAQ
2022-06-02,12316.9,NASDAQ
2022-06-03,12012.73,NASDAQ
2022-06-06,12061.37,NASDAQ
2022-06-07,12175.23,NASDAQ
2022-06-08,12086.27,NASDAQ
2022-06-09,11754.23,NASDAQ
2022-06-10,11340.02,NASDAQ
2022-06-13,10809.23,NASDAQ
2022-06-14,10828.35,NASDAQ
2022-06-15,11099.16,NASDAQ
2022-06-16,10646.1,NASDAQ
2022-06-17,10798.35,NASDAQ
2022-06-21,11069.3,NASDAQ
2022-06-22,11053.08,NASDAQ
2022-06-23,11232.19,NASDAQ
2022-06-24,11607.62,NASDAQ
2022-06-27,11524.55,NASDAQ
2022-06-28,11181.54,NASDAQ
2022-06-29,11177.89,NASDAQ
2022-06-30,11028.74,NASDAQ
2022-07-01,11127.84,NASDAQ
2022-07-05,11322.24,NASDAQ
2022-07-06,11361.85,NASDAQ
2022-07-07,11621.35,NASDAQ
2022-07-08,11635.31,NASDAQ
2022-07-11,11372.6,NASDAQ
2022-07-12,11264.73,NASDAQ
2022-07-13,11247.58,NASDAQ
2022-07-14,11251.19,NASDAQ
2022-07-15,11452.42,NASDAQ
2022-07-18,11360.05,NASDAQ
2022-07-19,11713.15,NASDAQ
2022-07-20,11897.65,NASDAQ
2022-07-21,12059.61,NASDAQ
2022-07-22,11834.11,NASDAQ
2022-07-25,11782.67,NASDAQ
2022-07-26,11562.58,NASDAQ
2022-07-27,12032.42,NASDAQ
2022-07-28,12162.59,NASDAQ
2022-07-29,12390.69,NASDAQ
2022-08-01,12368.98,NASDAQ
2022-08-02,12348.76,NASDAQ
2022-08-03,12668.16,NASDAQ
2022-08-04,12720.58,NASDAQ
2022-08-05,12657.56,NASDAQ
2022-08-08,12644.46,NASDAQ
2022-08-09,12493.93,NASDAQ
2022-08-10,12854.81,NASDAQ
2022-08-11,12779.91,NASDAQ
2022-08-12,13047.19,NASDAQ
2022-08-15,13128.05,NASDAQ
2022-08-16,13102.55,NASDAQ
2022-08-17,12938.12,NASDAQ
2022-08-18,12965.34,NASDAQ
2022-08-19,12705.22,NASDAQ
2022-08-22,12381.57,NASDAQ
2022-08-23,12381.3,NASDAQ
2022-08-24,12431.53,NASDAQ
2022-08-25,12639.27,NASDAQ
2022-08-26,12141.71,NASDAQ
2022-08-29,12017.67,NASDAQ
2022-08-30,11883.14,NASDAQ
2022-08-31,11816.2,NASDAQ
2022-09-01,11785.13,NASDAQ
2022-09-02,11630.86,NASDAQ
2022-09-06,11544.91,NASDAQ
2022-09-07,11791.9,NASDAQ
2022-09-08,11862.13,NASDAQ
2022-09-09,12112.31,NASDAQ
2022-09-12,12266.41,NASDAQ
2022-09-13,11633.57,NASDAQ
2022-09-14,11719.68,NASDAQ
2022-09-15,11552.36,NASDAQ
2022-09-16,11448.4,NASDAQ
2022-09-19,11535.02,NASDAQ
2022-09-20,11425.05,NASDAQ
2022-09-21,11220.19,NASDAQ
2022-09-22,11066.81,NASDAQ
2022-09-23,10867.93,NASDAQ
2022-09-26,10802.92,NASDAQ
2022-09-27,10829.5,NASDAQ
2022-09-28,11051.64,NASDAQ
2022-09-29,10737.51,NASDAQ
2022-09-30,10575.62,NASDAQ
2022-10-03,10815.44,NASDAQ
2022-10-04,11176.41,NASDAQ
2022-10-05,11148.64,NASDAQ
2022-10-06,11073.31,NASDAQ
2022-10-07,10652.41,NASDAQ
2022-10-10,10542.1,NASDAQ
2022-10-11,10426.19,NASDAQ
2022-10-12,10417.1,NASDAQ
2022-10-13,10649.15,NASDAQ
2022-10-14,10321.39,NASDAQ
2022-10-17,10675.8,NASDAQ
2022-10-18,10772.4,NASDAQ
2022-10-19,10680.51,NASDAQ
2022-10-20,10614.84,NASDAQ
2022-10-21,10859.72,NASDAQ
2022-10-24,10952.61,NASDAQ
2022-10-25,11199.12,NASDAQ
2022-10-26,10970.99,NASDAQ
2022-10-27,10792.68,NASDAQ
2022-10-28,11102.45,NASDAQ
2022-10-31,10988.15,NASDAQ
2022-11-01,10890.85,NASDAQ
2022-11-02,10524.8,NASDAQ
2022-11-03,10342.94,NASDAQ
2022-11-04,10475.25,NASDAQ
2022-11-07,10564.52,NASDAQ
2022-11-08,10616.2,NASDAQ
2022-11-09,10353.17,NASDAQ
2022-11-10,11114.15,NASDAQ
2022-11-11,11323.33,NASDAQ
2022-11-14,11196.22,NASDAQ
2022-11-15,11358.41,NASDAQ
2022-11-16,11183.66,NASDAQ
2022-11-17,11144.96,NASDAQ
2022-11-18,11146.06,NASDAQ
2022-11-21,11024.51,NASDAQ
2022-11-22,11174.41,NASDAQ
2022-11-23,11285.32,NASDAQ
2022-11-25,11226.36,NASDAQ
2022-11-28,11049.5,NASDAQ
2022-11-29,10983.78,NASDAQ
2022-11-30,11468.0,NASDAQ
2022-12-01,11482.45,NASDAQ
2022-12-02,11461.5,NASDAQ
2022-12-05,11239.94,NASDAQ
2022-12-06,11014.89,NASDAQ
2022-12-07,10958.55,NASDAQ
2022-12-08,11082.0,NASDAQ
2022-12-09,11004.62,NASDAQ
2022-12-12,11143.74,NASDAQ
2022-12-13,11256.81,NASDAQ
2022-12-14,11170.89,NASDAQ
2022-12-15,10810.53,NASDAQ
2022-12-16,10705.41,NASDAQ
2022-12-19,10546.03,NASDAQ
2022-12-20,10547.11,NASDAQ
2022-12-21,10709.37,NASDAQ
2022-12-22,10476.12,NASDAQ
2022-12-23,10497.86,NASDAQ
2022-12-27,10353.23,NASDAQ
2022-12-28,10213.29,NASDAQ
2022-12-29,10478.09,NASDAQ
2022-12-30,10466.48,NASDAQ
2023-01-03,10386.99,NASDAQ
